"geohash6","stops"
"dnrm0b",57330
"dnrjww",15294
"dnrjnw",190687
"dnrmjf",2401
"dnrjpc",35042
"dnrmp5",23295
"dnrhdf",21387
"dnrm41",33645
"dnrj79",11719
"dnrh15",46389
"dnrjed",1002
"dnrmyd",36720
"dnrhvj",20860
"dnrmnh",69856
"dnrmbd",19485
"dnrjp6",98581
"dnrm2h",38604
"dnrjh5",48566
"dnrm2k",129443
"dnrj2j",22576
"dnrj5c",90973
"dnrhj1",3711
"dnrjjq",14864
"dnrj24",41590
"dnrhs7",28804
"dnrhu7",7819
"dnrj7u",32251
"dnrjyn",29602
"dnrh76",21350
"dnrm9t",3146
"dnrh1x",15087
"dnrm1c",6503
"dnrk4h",459
"dnrhct",2356
"dnrjuv",1161
"dnrj2w",726
"dnrk2v",21663
"dnrm8t",6915
"dnrhh0",696
"dnrhhv",45253
"dnrhmb",3897
"dnrhuy",1795
"dnrj38",37117
"dnrjc2",20892
"dnrhm3",3752
"dnrj4j",6444
"dnrj1x",13833
"dnrm8k",10462
"dnrj57",26859
"dnrj5w",4771
"dnrjxf",22062
"dnrk24",758
"dnrmkb",2661
"dnrm9y",2232
"dnrkhf",578
"dnrh94",466
"dnrkzy",4306
"dnrhpc",1951
"dnrh8x",767
"dnrmzc",2387
"dnrk6y",4692
"dnrk9p",326
"dnrkej",1207
"dnrk0u",988
"dnrk04",3559
"dnrkpc",998
"dnrk17",1060
"dnrk1r",1229
"dnrhmz",1724
"dnrmk8",1855
"dnrhkd",10211
"dnrjum",2583
"dnrmtj",231
"dnrkp6",1270
"dnrmfx",2405
"dnrmdp",2059
"dnrkrt",817
"dnrmsh",42
"dnrkt4",529
"dnrjw7",2282
"dnrkwh",640
"dnrmpc",574
"dnrkc7",2295
"dnrky4",1679
"dnrmzd",456
"dnrkeh",389
"dnrms1",1419
"dnrmqw",12030
"dnrh9y",345
"dnrmdf",666
"dnrhb3",170
"dnrkmk",74
"dnrhcu",1281
"dnrmv7",1019
"dnrknr",295
"dnrkt6",548
"dnrk8q",440
"dnrjsb",103
"dnrkv0",691
"dnrjgp",679
"dnrkx0",332
"dnrmyj",71
"dnrhtu",808
"dnrk7r",247
"dnrkz7",424
"dnrksv",272
"dnrmzw",137
"dnrkzd",1062
"dnrk7v",34
"dnrh8c",112
"dnrmyb",46
"dnrkg8",48
"dnrj3y",79585
"dnrhjn",73489
"dnrmpn",265508
"dnrh7u",217000
"dnrhey",54190
"dnrj9n",3988
"dnrhgc",26648
"dnrjvt",5691
"dnrhz5",48153
"dnrmqh",63729
"dnrm8g",32525
"dnrh7e",61502
"dnrm9k",25734
"dnrj3k",50430
"dnrj6x",3102
"dnrm3p",49419
"dnrm4x",1516
"dnrhh7",29937
"dnrjj2",49412
"dnrm23",114170
"dnrmrt",36345
"dnrmdm",2467
"dnrjy4",2692
"dnrmqt",42482
"dnrjmg",12915
"dnrkzj",23271
"dnrh5w",80066
"dnrhnq",9736
"dnrmg6",563
"dnrkjh",9738
"dnrh7t",30428
"dnrh9v",1195
"dnrm2j",36989
"dnrhek",42509
"dnrjh8",70977
"dnrj94",22392
"dnrk0j",4205
"dnrjt1",58071
"dnrhwj",18066
"dnrjvk",2583
"dnrkeg",902
"dnrhev",25296
"dnrmcj",742
"dnrhyh",37355
"dnrhfs",1918
"dnrjhm",43050
"dnrhme",3693
"dnrm17",14983
"dnrk86",3729
"dnrhh5",1640
"dnrk9u",2548
"dnrm68",302
"dnrhcm",1611
"dnrjx5",39545
"dnrjp8",8338
"dnrh74",6366
"dnrhxj",1686
"dnrh95",981
"dnrjg7",1264
"dnrkjx",37
"dnrj9e",4028
"dnrh2n",1174
"dnrm47",20937
"dnrmhw",46516
"dnrm9e",3036
"dnrjme",6624
"dnrhku",1143
"dnrhy5",9474
"dnrm9b",3284
"dnrj0k",30912
"dnrjhu",16840
"dnrjj5",6707
"dnrm6w",872
"dnrj80",6542
"dnrjup",1139
"dnrj4t",1401
"dnrj1t",1153
"dnrmvy",485
"dnrmbw",8950
"dnrkfu",2152
"dnrh5k",2206
"dnrj1d",2254
"dnrmmj",383
"dnrhp9",500
"dnrmbe",1872
"dnrhnh",3339
"dnrmxv",1002
"dnrk3f",4353
"dnrk4e",197
"dnrj71",8545
"dnrhw0",400
"dnrmsp",1922
"dnrkz1",916
"dnrjzu",1024
"dnrjc8",807
"dnrk14",1905
"dnrhxw",490
"dnrk6q",1426
"dnrm3z",102
"dnrk2n",251
"dnrj48",328
"dnrk4w",1034
"dnrk0p",604
"dnrhn5",292
"dnrkre",8338
"dnrkzx",176
"dnrmd8",131
"dnrkgn",22095
"dnrkry",471
"dnrk06",1011
"dnrktq",1171
"dnrj17",286
"dnrmg2",214
"dnrk7g",111
"dnrkmr",348
"dnrmkt",43
"dnrkwc",535
"dnrkt3",737
"dnrkpv",41
"dnrksx",319
"dnrmec",567
"dnrhp0",300
"dnrk38",456
"dnrmeu",68
"dnrkuq",710
"dnrkzf",126
"dnrmsk",104
"dnrkwr",13
"dnrmpt",220081
"dnrhqh",375
"dnrj3j",184394
"dnrjrd",100780
"dnrh4k",16894
"dnrmr8",136259
"dnrjhx",90888
"dnrkj5",30467
"dnrh68",9083
"dnrh4j",23363
"dnrmqg",162242
"dnrj5g",44556
"dnrj6h",72630
"dnrk2d",4209
"dnrm8u",15036
"dnrjkb",32656
"dnrhuh",21454
"dnrhv3",82181
"dnrjqy",5137
"dnrj65",65972
"dnrjp4",96614
"dnrj0m",7721
"dnrhr6",1186
"dnrmwv",68765
"dnrmre",13471
"dnrhg9",35685
"dnrmdh",3518
"dnrmxf",2933
"dnrjkr",12680
"dnrjm2",19591
"dnrmhz",57117
"dnrm8d",24115
"dnrjzt",3473
"dnrh24",28425
"dnrkjr",507
"dnrhjm",8875
"dnrkep",1965
"dnrje6",1724
"dnrjrt",33849
"dnrjht",30008
"dnrjxr",20207
"dnrj2z",42509
"dnrjqg",28065
"dnrhdc",21279
"dnrkeb",1281
"dnrjn2",36193
"dnrh2z",89981
"dnrh1j",10982
"dnrjdw",16529
"dnrjmu",12714
"dnrhxz",40317
"dnrhrb",18319
"dnrhfw",5616
"dnrmew",4309
"dnrh7v",16927
"dnrmtk",1128
"dnrj2c",6990
"dnrjdy",19098
"dnrmyv",365
"dnrh9w",3070
"dnrmgr",1972
"dnrjeq",3001
"dnrhxu",1150
"dnrk0n",2338
"dnrjve",1485
"dnrhvf",6016
"dnrhmh",19808
"dnrj13",2500
"dnrktb",909
"dnrmhd",879
"dnrmbs",1832
"dnrhtg",1085
"dnrh8j",2938
"dnrjgu",1592
"dnrktx",996
"dnrhpe",578
"dnrkqq",531
"dnrjg5",1374
"dnrh0h",422
"dnrh20",1796
"dnrhbk",18529
"dnrjdu",1894
"dnrhj8",1051
"dnrh3h",905
"dnrj5m",5271
"dnrker",521
"dnrh8z",254
"dnrhgt",1522
"dnrmc5",818
"dnrke0",1100
"dnrmgj",105
"dnrm6g",652
"dnrhqr",621
"dnrmy3",1578
"dnrkdv",877
"dnrhmn",580
"dnrmdw",2091
"dnrkp8",680
"dnrjck",86
"dnrh8y",563
"dnrmzm",45
"dnrkhe",179
"dnrk7p",381
"dnrkpg",51
"dnrk1e",468
"dnrkms",305
"dnrhm8",775
"dnrksc",701
"dnrkkh",326
"dnrk7h",19056
"dnrkn6",598
"dnrhpq",654
"dnrmef",469
"dnrkph",82
"dnrjur",8
"dnrhv7",85
"dnrjfc",66
"dnrmey",147
"dnrjp2",68335
"dnrhhx",164058
"dnrjqn",61169
"dnrhvm",38900
"dnrkb2",30927
"dnrmnu",138740
"dnrmhf",38852
"dnrj7r",2228
"dnrm03",48887
"dnrh7s",36191
"dnrjpv",279537
"dnrjrw",43978
"dnrmdn",34802
"dnrjk8",58667
"dnrk1d",910
"dnrm3r",27878
"dnrjp7",84365
"dnrm29",223836
"dnrj9b",91440
"dnrjrr",109091
"dnrju0",45357
"dnrksj",13754
"dnrj11",11794
"dnrjr0",31649
"dnrjj8",44958
"dnrmrw",11051
"dnrmry",18246
"dnrjx8",41428
"dnrjx7",18259
"dnrh8d",27182
"dnrjcf",33479
"dnrh0e",21673
"dnrm80",25653
"dnrm8m",21201
"dnrjhb",12717
"dnrmx1",71183
"dnrjte",941
"dnrjb2",6097
"dnrhfz",36369
"dnrkyn",12810
"dnrj1y",412
"dnrkv9",15892
"dnrm6c",11219
"dnrhgx",4049
"dnrkfj",9888
"dnrj0h",1856
"dnrj1f",22877
"dnrkcc",3261
"dnrjc9",2837
"dnrm78",4225
"dnrk63",1661
"dnrj0z",6280
"dnrkpb",317
"dnrkns",417
"dnrjx1",13449
"dnrkdu",1549
"dnrh60",25866
"dnrhre",1861
"dnrh0z",5265
"dnrhwr",3054
"dnrhwn",1850
"dnrkf4",8861
"dnrmbm",45767
"dnrmd4",3815
"dnrm5j",2261
"dnrjse",4621
"dnrkf7",930
"dnrhfn",1425
"dnrmuv",1437
"dnrmet",1179
"dnrktz",1105
"dnrknq",617
"dnrj4u",1982
"dnrhg5",4462
"dnrkhc",162
"dnrjxd",23680
"dnrkmw",307
"dnrhu6",17148
"dnrm6z",864
"dnrhrz",873
"dnrkp3",278
"dnrhtv",1925
"dnrm3h",7602
"dnrmj8",1470
"dnrkqv",94
"dnrj4c",1018
"dnrhwc",520
"dnrhdq",10961
"dnrmkd",713
"dnrhqp",257
"dnrhb2",873
"dnrk3m",846
"dnrjbs",919
"dnrmxg",46618
"dnrhnw",321
"dnrh23",1197
"dnrh88",1558
"dnrjf7",327
"dnrkz8",420
"dnrmc3",2229
"dnrjzf",1445
"dnrj5u",2919
"dnrmgs",1022
"dnrk7j",383
"dnrkw3",236
"dnrjey",2049
"dnrmzj",881
"dnrk54",108
"dnrkd8",312
"dnrjud",969
"dnrmw1",40
"dnrmkg",645
"dnrhr8",2142
"dnrmy1",190
"dnrksn",225
"dnrjty",699
"dnrk7x",199
"dnrk19",627
"dnrkjn",156
"dnrk2r",223
"dnrk4r",1247
"dnrmsw",279
"dnrkuh",192
"dnrm7b",490
"dnrkxs",877
"dnrj7t",263
"dnrjuj",519
"dnrmc4",58
"dnrhqk",231
"dnrkuy",388
"dnrmvg",86
"dnrkks",164
"dnrjeb",350
"dnrk7c",106
"dnrhrp",88
"dnrksb",28
"dnrhq3",483
"dnrkvz",103
"dnrmvb",32
"dnrjnh",299959
"dnrj6u",21649
"dnrhf4",1449
"dnrj0y",74134
"dnrh51",30554
"dnrjpy",352357
"dnrh1f",143703
"dnrjp0",211029
"dnrjpu",123207
"dnrhsn",70598
"dnrmd7",37681
"dnrmhk",25763
"dnrkb5",50857
"dnrhz7",50887
"dnrh3u",26340
"dnrhum",32012
"dnrj3v",66292
"dnrm06",50818
"dnrku8",2456
"dnrm2q",27955
"dnrjbu",35116
"dnrhrc",8325
"dnrj39",41342
"dnrheu",28082
"dnrjk1",26136
"dnrj7k",6065
"dnrhsx",40142
"dnrkf0",13437
"dnrmq0",24918
"dnrm64",16170
"dnrmpv",45539
"dnrh7y",14363
"dnrjk3",12356
"dnrjf2",16526
"dnrjd7",37053
"dnrkv1",1088
"dnrj98",37038
"dnrkh6",752
"dnrh2y",2856
"dnrkbs",9142
"dnrmzq",155
"dnrjy9",1336
"dnrm9u",5288
"dnrjys",17030
"dnrk4q",193
"dnrhuc",3349
"dnrkc9",1804
"dnrjt9",66244
"dnrj8q",3722
"dnrjgd",18735
"dnrhps",1490
"dnrj7m",9333
"dnrmyf",3658
"dnrk20",747
"dnrh8v",425
"dnrhjt",1964
"dnrmz4",1843
"dnrjrv",9207
"dnrjkh",29965
"dnrjs6",52674
"dnrkr4",1860
"dnrm9c",17348
"dnrkub",12568
"dnrk80",9027
"dnrkrq",1687
"dnrmk4",357
"dnrk46",2912
"dnrkf5",988
"dnrhqs",725
"dnrjce",1914
"dnrkcx",1012
"dnrmb3",728
"dnrkvy",673
"dnrk3x",348
"dnrjky",946
"dnrj4y",887
"dnrkqm",2232
"dnrmj6",3175
"dnrk6v",676
"dnrjtv",1447
"dnrhcn",945
"dnrk0y",195
"dnrjz6",287
"dnrk95",3372
"dnrhhj",3702
"dnrhbg",627
"dnrkwq",370
"dnrhrx",380
"dnrmgz",1157
"dnrme9",123
"dnrhmq",770
"dnrm4f",401
"dnrmgb",386
"dnrh33",1082
"dnrkvf",51
"dnrkqn",547
"dnrjuq",162
"dnrkhp",3461
"dnrk0d",558
"dnrmxq",308
"dnrkps",526
"dnrkqw",357
"dnrkk1",34
"dnrkjc",538
"dnrmz1",783
"dnrhq6",479
"dnrkd5",697
"dnrmtd",602
"dnrkwp",176
"dnrhp2",502
"dnrkvb",105
"dnrk3b",589
"dnrmyq",59
"dnrkk8",217
"dnrjfb",45
"dnrmuf",16
"dnrkmd",115
"dnrhjx",602
"dnrk8n",12291
"dnrhhp",7835
"dnrhk2",106456
"dnrkd2",12884
"dnrj8r",224683
"dnrkek",1188
"dnrjtk",38304
"dnrj2x",5077
"dnrmmf",17666
"dnrk6r",22305
"dnrh7z",20795
"dnrhvw",40662
"dnrjmn",5817
"dnrmn6",1466
"dnrj6t",37348
"dnrjhe",25982
"dnrj64",123170
"dnrj6f",14626
"dnrh44",47767
"dnrj4b",28799
"dnrmrx",15067
"dnrhh4",1023
"dnrjn7",42643
"dnrjwm",40436
"dnrjxk",53997
"dnrjnf",23459
"dnrj8c",53469
"dnrm32",30205
"dnrhzp",42905
"dnrkbm",34432
"dnrj6k",4152
"dnrmjt",17841
"dnrjvs",7033
"dnrm38",45954
"dnrhze",21810
"dnrmm1",1781
"dnrh52",14220
"dnrmq1",8951
"dnrkbc",30851
"dnrh4v",2071
"dnrj9d",31155
"dnrm3q",7355
"dnrk9n",4376
"dnrh0g",8498
"dnrh14",39189
"dnrh3f",40495
"dnrhd3",28711
"dnrm8w",47151
"dnrmju",4775
"dnrmmb",38919
"dnrjm5",31849
"dnrjh7",10878
"dnrmpg",8202
"dnrjr4",26654
"dnrke1",1017
"dnrmb2",1298
"dnrjms",16463
"dnrhc9",277
"dnrk18",625
"dnrk0g",1518
"dnrmkj",205
"dnrjgs",723
"dnrm6k",20831
"dnrhb1",2667
"dnrk0m",1752
"dnrh8h",1890
"dnrhpg",453
"dnrk0k",248
"dnrm3u",1101
"dnrh50",6160
"dnrjdv",14892
"dnrjwy",701
"dnrk9j",3967
"dnrj4f",259
"dnrk8s",589
"dnrk0v",165
"dnrjv4",175
"dnrhw1",669
"dnrhy3",11872
"dnrj42",1728
"dnrmwj",178
"dnrmjq",2209
"dnrkct",1827
"dnrm51",687
"dnrk65",1607
"dnrj05",1958
"dnrkk2",1922
"dnrkhw",3859
"dnrmmz",356
"dnrmcp",7467
"dnrkny",163
"dnrjfr",798
"dnrkgy",418
"dnrhqn",266
"dnrkvq",1017
"dnrkpe",470
"dnrke3",415
"dnrmsn",10970
"dnrh8g",447
"dnrk07",2657
"dnrh2x",547
"dnrjg0",1147
"dnrk32",1496
"dnrkcu",120
"dnrkt7",546
"dnrhqm",316
"dnrkq3",549
"dnrkze",851
"dnrk3g",9208
"dnrked",205
"dnrmeg",67
"dnrk0s",192
"dnrkg5",216
"dnrjfk",69
"dnrm1u",374
"dnrmu3",72
"dnrkje",128
"dnrkne",716
"dnrmkz",203
"dnrj1e",30
"dnrmkn",58
"dnrmg3",24
"dnrmym",59
"dnrjcs",15
"dnrmyr",65
"dnrk5c",4
"dnrk37",7
"dnrjyh",52870
"dnrmfd",53576
"dnrjp5",31768
"dnrjbw",2550
"dnrmvr",62677
"dnrh07",30599
"dnrkn8",14600
"dnrmxu",835
"dnrj5q",11671
"dnrmnv",130222
"dnrkes",14350
"dnrm0m",116973
"dnrjqu",30223
"dnrjqr",78311
"dnrj9r",35131
"dnrkuv",1619
"dnrjnm",55628
"dnrmpp",376673
"dnrj8e",25474
"dnrh1y",51646
"dnrm2t",45577
"dnrhgy",17895
"dnrhvq",17872
"dnrm0k",42777
"dnrjzj",25224
"dnrjwq",5496
"dnrjpb",17143
"dnrj5f",102202
"dnrj41",555
"dnrmu7",1881
"dnrhyr",18962
"dnrj0f",17582
"dnrkbg",1859
"dnrmjr",23205
"dnrhyb",7931
"dnrjmc",21729
"dnrhzz",25783
"dnrm94",39418
"dnrk8g",33745
"dnrm3b",2365
"dnrmvx",953
"dnrhth",22514
"dnrhbm",24674
"dnrht7",17696
"dnrhdg",13152
"dnrkbe",23033
"dnrh4w",5809
"dnrkt8",2108
"dnrjn4",38897
"dnrk9r",525
"dnrjh9",12164
"dnrm4w",1359
"dnrhgf",16495
"dnrhv1",32894
"dnrh6f",12281
"dnrhy1",5606
"dnrmn4",7656
"dnrkc1",1198
"dnrj02",15134
"dnrhn4",3880
"dnrmz8",1679
"dnrjsu",20799
"dnrk1j",1459
"dnrhzk",17122
"dnrh3z",2988
"dnrhx8",17973
"dnrhww",1641
"dnrj4h",3177
"dnrk62",1577
"dnrjc0",3471
"dnrhbp",6257
"dnrj3e",4135
"dnrjtg",1637
"dnrke7",1794
"dnrj15",27991
"dnrh1m",9752
"dnrmjp",11278
"dnrmk2",760
"dnrjfs",555
"dnrj5p",5935
"dnrkpr",352
"dnrh01",664
"dnrhj0",5148
"dnrktr",1867
"dnrh5f",3967
"dnrj58",4032
"dnrmm7",1162
"dnrkyj",907
"dnrhm9",1108
"dnrmub",356
"dnrks3",878
"dnrjgj",1047
"dnrmdt",1646
"dnrm5c",1040
"dnrmsf",339
"dnrkx8",891
"dnrkw0",944
"dnrmuw",394
"dnrk5m",774
"dnrkdq",9515
"dnrmd9",1078
"dnrmm8",2107
"dnrmvz",871
"dnrjzb",636
"dnrhjv",1698
"dnrjv1",86
"dnrmtt",193
"dnrmyc",69
"dnrhpj",330
"dnrh4u",460
"dnrmfb",192
"dnrjsx",344
"dnrk4n",1026
"dnrk7u",754
"dnrkk6",348
"dnrjfq",245
"dnrknv",733
"dnrmu9",809
"dnrkrc",89
"dnrmgy",561
"dnrmw7",1059
"dnrkkg",728
"dnrmgg",14
"dnrhfx",1315
"dnrk7z",7849
"dnrkfb",148
"dnrkjm",427
"dnrkvg",149
"dnrmw9",577
"dnrmvw",197
"dnrk4c",6
"dnrkn3",179
"dnrmyp",72
"dnrmgc",67
"dnrk4d",22
"dnrkdh",40386
"dnrk8h",54287
"dnrjjx",62614
"dnrjt6",27729
"dnrm02",65580
"dnrm24",12297
"dnrjd0",86499
"dnrhen",363709
"dnrjwg",32970
"dnrjhr",87087
"dnrm3j",146676
"dnrkcv",32281
"dnrm3e",18781
"dnrj61",140686
"dnrjwf",136285
"dnrjjb",34233
"dnrhuw",55034
"dnrjmq",8563
"dnrhs0",8208
"dnrhnm",2064
"dnrhzc",6211
"dnrj2f",31724
"dnrm2m",116765
"dnrmrd",12342
"dnrmpb",521
"dnrjn0",29565
"dnrmdb",550
"dnrhjd",21714
"dnrkc5",6862
"dnrhzm",30396
"dnrk94",23272
"dnrmjs",3987
"dnrht1",12804
"dnrjhz",36337
"dnrkdr",20925
"dnrh4m",28769
"dnrjsf",22734
"dnrhhu",12520
"dnrj8x",27536
"dnrh3b",7544
"dnrjus",1627
"dnrh7j",27161
"dnrkqh",1224
"dnrhg4",30192
"dnrmnk",14079
"dnrm7d",510
"dnrm0e",19677
"dnrkrm",1229
"dnrjwr",10024
"dnrj26",6542
"dnrj43",7947
"dnrhym",5835
"dnrhkh",30607
"dnrjhj",13170
"dnrh10",3966
"dnrjs2",12217
"dnrjdx",7631
"dnrhw3",16872
"dnrj2q",4311
"dnrjh6",13765
"dnrh3y",2364
"dnrhfh",3480
"dnrk39",9689
"dnrk0b",30237
"dnrhrv",4037
"dnrmzs",942
"dnrhgb",24177
"dnrhj4",715
"dnrky8",917
"dnrh9k",10047
"dnrjxu",15423
"dnrk4g",353
"dnrjb6",3023
"dnrk1t",3270
"dnrjyx",931
"dnrmwd",1606
"dnrmk1",1257
"dnrh3p",2963
"dnrmnn",4271
"dnrkc2",2852
"dnrk5r",1050
"dnrhx4",491
"dnrkzz",1205
"dnrk26",1850
"dnrh1p",6254
"dnrjbk",717
"dnrmj5",59
"dnrmxh",900
"dnrk4v",831
"dnrju5",1387
"dnrm3f",21562
"dnrjsd",1391
"dnrk2w",1385
"dnrkwn",1456
"dnrkxd",218
"dnrm5g",310
"dnrh2q",128
"dnrmum",350
"dnrmch",520
"dnrkw6",682
"dnrjvj",936
"dnrmwq",1140
"dnrjzp",1942
"dnrmh2",285
"dnrmty",168
"dnrhr9",1694
"dnrkx5",441
"dnrhqb",308
"dnrhr4",518
"dnrkx2",1103
"dnrj9k",443
"dnrk5t",634
"dnrh2k",1022
"dnrhpn",1044
"dnrkzb",526
"dnrmt0",461
"dnrktg",494
"dnrmgd",545
"dnrkqd",379
"dnrmuy",1370
"dnrmcx",1350
"dnrjvf",168
"dnrjvd",800
"dnrmzt",216
"dnrk7f",44
"dnrkpt",190
"dnrk09",24
"dnrjzc",22
"dnrkm3",1373
"dnrmy4",18
"dnrm7g",158
"dnrmyk",54
"dnrmct",15
"dnrmku",19
"dnrh0j",1
"dnrhm5",21357
"dnrjn1",9613
"dnrjt0",17674
"dnrhf1",43780
"dnrj6v",58312
"dnrmrp",37433
"dnrhx5",37141
"dnrm2e",73095
"dnrmmu",64048
"dnrhfd",183415
"dnrmpf",9263
"dnrjpp",22569
"dnrjxb",40925
"dnrhet",126964
"dnrjrm",156915
"dnrmnj",46773
"dnrhsr",23576
"dnrjm1",55486
"dnrj7c",34063
"dnrjpw",82404
"dnrmex",12439
"dnrj8u",27049
"dnrk8m",1353
"dnrmhs",30416
"dnrmrv",83272
"dnrjye",14419
"dnrjnv",36560
"dnrmmy",47928
"dnrm88",6066
"dnrjjf",85363
"dnrm2x",21817
"dnrhsd",34803
"dnrjmm",1661
"dnrkfr",4974
"dnrhv0",42538
"dnrkys",7127
"dnrjhf",34949
"dnrm91",8648
"dnrkzc",1376
"dnrhe9",67646
"dnrhwv",1407
"dnrk73",7907
"dnrm2n",20128
"dnrhbz",8597
"dnrjuz",8074
"dnrhbn",3533
"dnrhuz",5243
"dnrkym",721
"dnrhzw",28169
"dnrmcm",581
"dnrjqz",21322
"dnrjkd",16230
"dnrk70",1671
"dnrh7f",15227
"dnrj6r",6574
"dnrkgr",788
"dnrmms",658
"dnrhh1",5379
"dnrh6d",11880
"dnrm8x",676
"dnrh6j",4844
"dnrjjj",9141
"dnrh81",592
"dnrj9t",5837
"dnrmjn",7481
"dnrmdu",1717
"dnrhge",13553
"dnrjuu",3150
"dnrhfv",4179
"dnrm4y",5918
"dnrj4s",2627
"dnrm5e",1964
"dnrmkw",679
"dnrkyy",890
"dnrhkw",2481
"dnrhc8",983
"dnrmcn",1939
"dnrhjf",1155
"dnrjrz",20729
"dnrjc6",16017
"dnrkyd",678
"dnrkt2",201
"dnrhfg",2674
"dnrk9k",3137
"dnrjeg",1633
"dnrkx3",584
"dnrkwu",1196
"dnrm6p",447
"dnrj8g",2368
"dnrm6v",419
"dnrj51",4251
"dnrmne",2349
"dnrm65",1778
"dnrkez",261
"dnrjsq",674
"dnrh5b",1512
"dnrkdx",1803
"dnrkxv",868
"dnrkrj",869
"dnrmt4",722
"dnrkyc",346
"dnrjcn",697
"dnrm6m",1156
"dnrkhv",2751
"dnrjyr",883
"dnrmn1",610
"dnrkxt",315
"dnrkw2",3666
"dnrmtb",1062
"dnrmm3",673
"dnrkr5",386
"dnrh90",804
"dnrkvd",1473
"dnrhp6",479
"dnrk9v",898
"dnrk16",386
"dnrh96",60
"dnrj9j",1647
"dnrkux",317
"dnrknp",655
"dnrm4b",515
"dnrmff",1181
"dnrmt1",146
"dnrkm5",368
"dnrjgt",999
"dnrmt5",83
"dnrkvu",269
"dnrkr9",139
"dnrk5g",163
"dnrmtm",69
"dnrk6d",10972
"dnrjtn",616
"dnrj5r",1222
"dnrmkf",130
"dnrmuh",203
"dnrkmy",226
"dnrk3j",248
"dnrkxq",290
"dnrmg4",48
"dnrkpn",105
"dnrkyg",52
"dnrjbv",3283
"dnrjgc",104583
"dnrjb8",38617
"dnrhfc",76629
"dnrjny",77802
"dnrjpn",40376
"dnrmq9",50662
"dnrjsm",4761
"dnrh72",11606
"dnrmmg",45757
"dnrj0c",7621
"dnrhde",7340
"dnrh2w",8513
"dnrmxj",23759
"dnrhef",41322
"dnrm63",13674
"dnrhm1",7054
"dnrhcb",1013
"dnrm0c",50674
"dnrj6j",121464
"dnrhhs",27845
"dnrm0p",86250
"dnrh1s",105913
"dnrm1x",7295
"dnrk8d",22345
"dnrm04",37156
"dnrjfv",590
"dnrhs9",7621
"dnrmw3",1417
"dnrkgw",13253
"dnrmbk",2554
"dnrjnd",7973
"dnrkcj",2946
"dnrh4r",11479
"dnrmy6",1003
"dnrh5x",13602
"dnrh43",29654
"dnrjz7",552
"dnrjeu",15130
"dnrhzb",29185
"dnrjvw",5275
"dnrht4",6061
"dnrm6j",4941
"dnrjtw",1965
"dnrm76",2562
"dnrm8z",3559
"dnrh5h",1844
"dnrh5d",1591
"dnrhj6",5539
"dnrjjy",21549
"dnrksd",778
"dnrjqk",6595
"dnrmwx",54354
"dnrk9f",445
"dnrmhc",41741
"dnrkhy",1138
"dnrk96",2246
"dnrm7p",1027
"dnrkzs",24
"dnrh3r",268
"dnrk4u",197
"dnrj0b",6742
"dnrkrr",1852
"dnrhtc",533
"dnrmb9",1534
"dnrmue",394
"dnrhxh",1801
"dnrmc7",1524
"dnrkwb",1028
"dnrk5n",1445
"dnrm16",8039
"dnrkzg",29
"dnrh25",669
"dnrktn",465
"dnrm5r",1996
"dnrhx2",2078
"dnrhtt",282
"dnrkng",157
"dnrmps",5684
"dnrmh4",171
"dnrjwn",1582
"dnrmf0",3455
"dnrhc5",2060
"dnrkd0",67
"dnrk1h",570
"dnrk13",33830
"dnrkwk",583
"dnrh0y",395
"dnrj73",9651
"dnrmbz",2041
"dnrjd9",754
"dnrk0q",751
"dnrjsh",1647
"dnrkfn",815
"dnrk6j",153
"dnrkpq",98
"dnrkme",224
"dnrkjp",75
"dnrk5v",12224
"dnrj4z",241
"dnrhte",334
"dnrkv8",216
"dnrms8",290
"dnrjec",364
"dnrkpj",13
"dnrk3t",21
"dnrhmv",19
"dnrjcw",15
"dnrkz2",101
"dnrkm7",26
"dnrmsj",33
"dnrkv2",2
"dnrhcc",19
"dnrkyf",29
"dnrj6q",39899
"dnrmhm",167472
"dnrmpj",47056
"dnrj1p",136546
"dnrh3w",12871
"dnrhkg",28495
"dnrkcd",41638
"dnrjxy",41669
"dnrm5k",26660
"dnrmpr",70662
"dnrkbh",46880
"dnrhzf",68158
"dnrj7b",22183
"dnrmjy",89134
"dnrmpm",20021
"dnrm13",2930
"dnrmr7",4687
"dnrm2f",47283
"dnrjy5",49437
"dnrhg3",46398
"dnrjkf",2823
"dnrhgp",45056
"dnrjbr",2198
"dnrjpd",47415
"dnrj0p",3682
"dnrk71",7594
"dnrj74",350
"dnrh3d",33219
"dnrhpb",25031
"dnrm30",53797
"dnrhhq",29239
"dnrm0y",118370
"dnrjek",53233
"dnrmjm",48931
"dnrm1e",37286
"dnrhkm",14368
"dnrjq8",27046
"dnrmpz",31786
"dnrmqv",65852
"dnrkpp",98
"dnrjmt",6914
"dnrh61",40624
"dnrk05",25214
"dnrm14",5694
"dnrjqe",11655
"dnrh4h",63071
"dnrjcu",1837
"dnrk47",1293
"dnrmpd",5923
"dnrm0s",45752
"dnrjcg",6962
"dnrh08",53052
"dnrmfe",4241
"dnrjk5",17042
"dnrm44",5542
"dnrjg8",24981
"dnrm71",8523
"dnrjtr",28838
"dnrjb9",27901
"dnrh3g",10687
"dnrhgq",6579
"dnrhjk",2847
"dnrjdz",2001
"dnrm9h",12238
"dnrhrt",1840
"dnrjmw",9834
"dnrk00",1230
"dnrjtb",673
"dnrj0r",4410
"dnrjds",6326
"dnrhn1",2964
"dnrh34",41441
"dnrj1q",1601
"dnrm7h",6416
"dnrj52",2094
"dnrm9n",696
"dnrj0d",2843
"dnrj28",21596
"dnrh92",2050
"dnrhz3",10339
"dnrmf9",5293
"dnrmu4",281
"dnrj6c",11564
"dnrknm",569
"dnrjtq",1603
"dnrks2",973
"dnrjzx",2282
"dnrmpu",2872
"dnrmm6",1472
"dnrmu2",8135
"dnrmed",615
"dnrm9f",2835
"dnrh0p",2286
"dnrhbw",6816
"dnrkx6",210
"dnrh3t",1702
"dnrjcb",1682
"dnrj88",2289
"dnrje7",2836
"dnrm5s",3221
"dnrhnt",2043
"dnrh2c",1180
"dnrj4x",1384
"dnrmxm",1465
"dnrmzp",516
"dnrjf8",684
"dnrke5",571
"dnrk2u",747
"dnrke9",85
"dnrkwx",558
"dnrk93",15039
"dnrk9z",1425
"dnrhje",1525
"dnrhj5",7029
"dnrmje",922
"dnrhbx",5087
"dnrk6n",1024
"dnrmug",121
"dnrhxb",1062
"dnrmdq",160
"dnrmpe",866
"dnrhny",403
"dnrkve",574
"dnrktw",397
"dnrhxp",18978
"dnrhn9",477
"dnrj3c",373
"dnrmve",145
"dnrmf8",101
"dnrk2t",615
"dnrm48",198
"dnrms5",174
"dnrkxg",769
"dnrkjt",161
"dnrjv7",162
"dnrmde",486
"dnrjz9",36
"dnrmcg",269
"dnrm5t",76
"dnrkg2",63
"dnrkev",608
"dnrkrd",313
"dnrkk3",142
"dnrh0m",82
"dnrjz5",723
"dnrk23",531
"dnrk7d",325
"dnrh93",329
"dnrk2m",95
"dnrkfe",391
"dnrm6u",421
"dnrmyn",5
"dnrhew",114961
"dnrh9e",1787
"dnrhd4",16206
"dnrmph",42233
"dnrjk6",5300
"dnrjfg",36015
"dnrmhy",8878
"dnrj1k",2117
"dnrhb4",41269
"dnrk0h",25622
"dnrj3f",52362
"dnrhxv",4626
"dnrhvt",39375
"dnrmm9",4082
"dnrmn5",15804
"dnrmzg",15866
"dnrjvb",1340
"dnrhc7",31037
"dnrm0w",144740
"dnrm2z",23022
"dnrh1d",50185
"dnrhv2",84901
"dnrjmj",19630
"dnrhkq",18075
"dnrhzj",88376
"dnrjhp",35464
"dnrj3u",16772
"dnrmrm",50727
"dnrk1m",56838
"dnrju2",1933
"dnrjvx",4946
"dnrh86",37784
"dnrkzp",10248
"dnrh4p",56076
"dnrhg6",28278
"dnrjpx",41328
"dnrmrq",53298
"dnrhu3",1734
"dnrhcf",683
"dnrhfk",5599
"dnrht5",13100
"dnrhsg",28888
"dnrh8r",2318
"dnrmds",2184
"dnrh0x",4895
"dnrhsb",10894
"dnrhd1",1486
"dnrhd0",1329
"dnrjxx",4206
"dnrj9y",6481
"dnrhzs",23121
"dnrk0f",1981
"dnrhyy",17992
"dnrhbc",2673
"dnrhuj",22164
"dnrhsz",7739
"dnrmp2",5495
"dnrj1u",2508
"dnrh9p",1196
"dnrk9q",2098
"dnrmzu",1075
"dnrjdh",38911
"dnrh4g",9127
"dnrkfd",685
"dnrm1b",3326
"dnrk97",2995
"dnrhve",7062
"dnrhrd",1470
"dnrjem",4970
"dnrjtd",8828
"dnrh39",15800
"dnrm67",202
"dnrmp3",2931
"dnrk92",2840
"dnrj7y",36
"dnrhtp",12057
"dnrjbe",2283
"dnrjtu",601
"dnrjbp",11875
"dnrkbx",8223
"dnrjbc",988
"dnrhxr",1430
"dnrmt2",690
"dnrmx9",4992
"dnrmez",711
"dnrhbr",1270
"dnrj7w",38728
"dnrm3t",1768
"dnrj37",3206
"dnrhuv",1858
"dnrm49",98
"dnrjc4",1165
"dnrknw",631
"dnrh2s",660
"dnrmxx",866
"dnrm56",1620
"dnrkhr",594
"dnrm6n",2290
"dnrkjq",377
"dnrmww",470
"dnrkqs",456
"dnrj2k",2653
"dnrjtj",1605
"dnrmys",326
"dnrmhp",906
"dnrksk",460
"dnrkk0",47
"dnrm1s",584
"dnrj1b",1031
"dnrhtd",111
"dnrk67",804
"dnrkww",140
"dnrmgh",290
"dnrmj9",296
"dnrkm9",435
"dnrkrn",1082
"dnrk9y",109
"dnrkd4",942
"dnrje5",815
"dnrk2p",315
"dnrhc4",9934
"dnrhq4",185
"dnrk29",979
"dnrkqc",697
"dnrmyt",169
"dnrkxh",280
"dnrjyw",347
"dnrh2t",82
"dnrkt9",185
"dnrmcz",614
"dnrkgb",112
"dnrjyz",185
"dnrjv6",270
"dnrmck",63
"dnrkrb",12
"dnrhf8",7835
"dnrjm0",58227
"dnrhk9",62375
"dnrm9z",78519
"dnrjku",82634
"dnrjpm",53977
"dnrhnv",1765
"dnrh1q",59176
"dnrj3p",39956
"dnrjpf",31548
"dnrh75",34258
"dnrh65",22014
"dnrhv5",11264
"dnrm7q",22919
"dnrhvu",148710
"dnrmh9",7570
"dnrhdx",28285
"dnrhm6",2841
"dnrh7r",36384
"dnrm00",72496
"dnrjbq",32729
"dnrjs4",3021
"dnrhgr",36906
"dnrmmh",392
"dnrh6t",32781
"dnrhjj",18854
"dnrhhy",21046
"dnrksf",284
"dnrm0h",41286
"dnrkfv",1438
"dnrhzr",30724
"dnrkck",1023
"dnrjmd",19245
"dnrken",1943
"dnrmze",31942
"dnrj14",39850
"dnrjx0",18394
"dnrh5g",22944
"dnrmp4",6394
"dnrjjv",26864
"dnrjrn",18270
"dnrhfp",1653
"dnrkcb",26833
"dnrmgx",1195
"dnrkxe",934
"dnrjxm",23701
"dnrjr6",29659
"dnrkbv",2861
"dnrjs5",12508
"dnrjwz",1279
"dnrhed",28385
"dnrmq4",4672
"dnrm4t",41620
"dnrhq9",244
"dnrkj0",5027
"dnrhs8",1718
"dnrk08",2101
"dnrhy8",7411
"dnrhkk",35500
"dnrhtz",1595
"dnrm5n",2252
"dnrj59",10827
"dnrk11",1899
"dnrm5m",5479
"dnrmxb",28950
"dnrhus",7656
"dnrjvc",227
"dnrh70",2507
"dnrjyu",2909
"dnrknj",1555
"dnrh59",1816
"dnrhwe",374
"dnrhbe",1823
"dnrk6c",1241
"dnrkug",720
"dnrkp7",1726
"dnrk41",9381
"dnrjdd",11196
"dnrmzf",1372
"dnrjy1",1207
"dnrmkm",474
"dnrm72",25418
"dnrhjc",13107
"dnrmzk",35
"dnrk4y",417
"dnrk3w",393
"dnrjv8",1112
"dnrmwr",828
"dnrk2y",396
"dnrjwp",213
"dnrmjj",717
"dnrhby",701
"dnrm5b",831
"dnrhz4",34671
"dnrkew",6826
"dnrmh8",1212
"dnrkdw",2448
"dnrky5",910
"dnrh89",817
"dnrmmr",414
"dnrk40",479
"dnrk5w",4828
"dnrmjd",186
"dnrmmk",587
"dnrmwh",362
"dnrkcy",3919
"dnrju9",315
"dnrkcm",513
"dnrmqp",491
"dnrkwe",15
"dnrkq9",637
"dnrm18",107
"dnrkeq",124
"dnrjzd",111
"dnrk56",84
"dnrkcg",32
"dnrmnw",312796
"dnrkb7",31863
"dnrm2d",81489
"dnrj46",38861
"dnrmfs",8008
"dnrhv9",146386
"dnrjx6",45295
"dnrh1g",74026
"dnrhf2",17460
"dnrj99",26096
"dnrm05",41098
"dnrm2r",58864
"dnrmrj",106304
"dnrjk2",68175
"dnrj9g",35558
"dnrky7",8083
"dnrk61",28326
"dnrh7c",61792
"dnrmx3",2506
"dnrj8p",29536
"dnrj6d",48094
"dnrj35",7524
"dnrjnq",61767
"dnrme6",2116
"dnrhd9",6681
"dnrmfr",40034
"dnrjj6",5258
"dnrj82",4109
"dnrk9h",3881
"dnrj9f",46705
"dnrm3s",2390
"dnrjqw",23318
"dnrjqp",25118
"dnrhfj",21842
"dnrjxt",30223
"dnrkzr",2843
"dnrje4",11208
"dnrj83",1774
"dnrky6",4242
"dnrk8c",5030
"dnrkcp",10024
"dnrm1h",17875
"dnrm3m",27231
"dnrhkj",25784
"dnrhut",4786
"dnrhj3",36757
"dnrm12",11221
"dnrj2y",3173
"dnrhkt",4285
"dnrhvb",5806
"dnrhgj",5752
"dnrjy6",1788
"dnrkx9",422
"dnrm5u",745
"dnrjv0",5083
"dnrhsw",3593
"dnrhss",20567
"dnrh0c",17835
"dnrj44",1734
"dnrk9w",2952
"dnrjtc",1258
"dnrkj3",4530
"dnrjrh",20070
"dnrk59",272
"dnrhq1",283
"dnrk69",1748
"dnrmmq",1305
"dnrh9x",440
"dnrhmm",831
"dnrmvu",417
"dnrk98",23968
"dnrkjk",514
"dnrh5p",970
"dnrmyx",280
"dnrhrr",1857
"dnrkrs",5077
"dnrhxf",1390
"dnrkhq",3787
"dnrmfq",2111
"dnrhcq",2397
"dnrhw2",1284
"dnrhpm",449
"dnrmxk",1773
"dnrh37",1158
"dnrhqy",999
"dnrm7f",371
"dnrksr",1312
"dnrk9b",442
"dnrjby",709
"dnrk8e",1991
"dnrkgv",346
"dnrh2r",742
"dnrh83",612
"dnrjbm",1073
"dnrksh",830
"dnrhnr",920
"dnrk3s",50
"dnrmt9",1227
"dnrmbh",1530
"dnrm7j",87
"dnrkxw",517
"dnrje1",2076
"dnrk34",1780
"dnrkhu",225
"dnrkvh",1065
"dnrk21",314
"dnrkn5",221
"dnrkg6",98
"dnrkfg",146
"dnrjfx",166
"dnrmmx",469
"dnrkz5",287
"dnrmbt",321
"dnrkfx",569
"dnrm53",240
"dnrhxy",89
"dnrmks",54
"dnrkk7",32
"dnrkq7",47
"dnrkmt",10
"dnrj21",9497
"dnrjxz",4923
"dnrjd1",98499
"dnrm26",219025
"dnrmru",40906
"dnrm28",125603
"dnrkbt",31772
"dnrm3k",18584
"dnrhep",117343
"dnrjy3",1764
"dnrhec",24922
"dnrmp9",8587
"dnrh5y",28551
"dnrmd0",5640
"dnrmfm",696
"dnrjrx",26913
"dnrm0n",172694
"dnrm3c",27338
"dnrj4g",673
"dnrjzm",41942
"dnrjpr",7307
"dnrkdk",125230
"dnrmqj",67893
"dnrmjx",7404
"dnrkwm",3031
"dnrhup",75851
"dnrh4d",13207
"dnrjn3",50928
"dnrh62",23361
"dnrmhe",21207
"dnrj9w",4911
"dnrm2b",101166
"dnrkbj",32658
"dnrh4s",3630
"dnrhty",9536
"dnrmf2",2841
"dnrj5v",6441
"dnrhu8",30879
"dnrhsh",37659
"dnrme7",47563
"dnrmp7",10649
"dnrh5s",3603
"dnrk6k",1441
"dnrjq0",20390
"dnrk7w",1606
"dnrkcn",1793
"dnrm3y",698
"dnrhrs",29340
"dnrhtb",686
"dnrmbj",3231
"dnrjr7",19514
"dnrk02",3483
"dnrkwv",1346
"dnrkp9",19439
"dnrku3",471
"dnrkyh",2145
"dnrhwk",3794
"dnrhd5",19618
"dnrjxg",19921
"dnrh73",13543
"dnrjcc",3883
"dnrhgv",19219
"dnrjtx",3035
"dnrmwg",3218
"dnrh9m",20190
"dnrjsy",3374
"dnrhq5",6753
"dnrm7m",4516
"dnrh9f",2629
"dnrh5e",1667
"dnrkfp",3960
"dnrk81",1560
"dnrh97",963
"dnrh3e",9447
"dnrkfk",1043
"dnrk6b",530
"dnrk15",1763
"dnrhz6",10153
"dnrj1m",1468
"dnrjhv",465
"dnrjcy",265
"dnrm98",17287
"dnrk57",130
"dnrmmc",4140
"dnrhh2",871
"dnrkx1",663
"dnrj8s",2894
"dnrmkp",823
"dnrj62",23631
"dnrhug",2055
"dnrjge",1898
"dnrj95",3410
"dnrj08",3376
"dnrhwm",1449
"dnrmsm",124
"dnrk75",725
"dnrmv4",577
"dnrmzh",119
"dnrmk9",164
"dnrh2j",87
"dnrkvw",330
"dnrmfv",276
"dnrmst",52
"dnrk4p",316
"dnrmkq",276
"dnrjcj",410
"dnrme4",1021
"dnrmbv",68
"dnrmuz",104
"dnrkdd",318
"dnrk6m",90
"dnrmnf",205
"dnrkpm",437
"dnrkh7",38
"dnrk8y",118
"dnrkex",62
"dnrkqj",362
"dnrjpe",56244
"dnrjj1",67822
"dnrhfb",354305
"dnrjqm",57722
"dnrjw8",50362
"dnrj3w",132747
"dnrmq8",296353
"dnrjnj",31623
"dnrher",100315
"dnrm9g",29488
"dnrmr6",52968
"dnrm81",219261
"dnrmzz",900
"dnrjtf",29008
"dnrjb1",101462
"dnrjsp",4695
"dnrh13",30176
"dnrmx8",29245
"dnrhgn",47646
"dnrm0v",41906
"dnrj89",16851
"dnrjr8",102927
"dnrkfh",9066
"dnrm9d",37433
"dnrmqf",45769
"dnrm70",18255
"dnrjzw",30311
"dnrjf5",5829
"dnrkf1",1604
"dnrkb8",2781
"dnrkf2",23310
"dnrm34",31187
"dnrmht",56324
"dnrhr5",6316
"dnrjq4",112707
"dnrhke",11028
"dnrmpx",43159
"dnrk8j",4359
"dnrhds",26862
"dnrmj4",6793
"dnrkq2",35548
"dnrjkw",29077
"dnrhx7",2978
"dnrjdf",1675
"dnrht6",22161
"dnrmjg",13296
"dnrjej",3110
"dnrh79",13111
"dnrm1n",18328
"dnrhdt",14093
"dnrk3r",2796
"dnrmx6",2479
"dnrm1q",20675
"dnrmqc",9645
"dnrj5j",48866
"dnrhy4",7542
"dnrjbx",530
"dnrkf3",24796
"dnrj55",8384
"dnrj2m",15641
"dnrmnz",23345
"dnrky1",215
"dnrhhk",5141
"dnrmjz",8084
"dnrjkp",2001
"dnrhck",1407
"dnrk2q",62
"dnrmjc",412
"dnrjb4",30425
"dnrkg0",2876
"dnrmhh",1052
"dnrhpz",9492
"dnrm6f",620
"dnrkqe",333
"dnrk31",409
"dnrj2s",38838
"dnrj6y",9225
"dnrjmx",785
"dnrkdf",480
"dnrjtt",1628
"dnrk5z",14617
"dnrk1f",941
"dnrmcr",283
"dnrj75",1497
"dnrmxs",1298
"dnrkkn",245
"dnrkq4",330
"dnrmvt",687
"dnrmxr",590
"dnrh80",676
"dnrkvp",193
"dnrktj",261
"dnrhp3",221
"dnrkm0",155
"dnrmgt",482
"dnrmuq",461
"dnrkn7",435
"dnrh3x",492
"dnrj5y",1809
"dnrmw8",932
"dnrk12",1802
"dnrkgz",1223
"dnrkqp",459
"dnrhw5",883
"dnrm7w",99
"dnrkgj",1290
"dnrkjg",236
"dnrkyp",479
"dnrk43",588
"dnrk6g",1129
"dnrmwe",307
"dnrk7t",362
"dnrmxn",111
"dnrj97",666
"dnrktc",14
"dnrmdd",1781
"dnrjf0",1386
"dnrm5x",238
"dnrkke",140
"dnrhxs",5227
"dnrkdc",604
"dnrknu",102
"dnrks9",69
"dnrmjb",120
"dnrkkb",278
"dnrksg",13
"dnrmr2",399574
"dnrjvg",22485
"dnrjrq",206372
"dnrjg6",1582
"dnrjez",17453
"dnrjp1",293173
"dnrhe5",74291
"dnrjdg",38150
"dnrjxe",27053
"dnrm20",31797
"dnrjwc",235478
"dnrhvy",26179
"dnrjm8",100980
"dnrjy8",8502
"dnrjb5",1135
"dnrm3d",14597
"dnrm2g",29066
"dnrk91",790
"dnrheb",26879
"dnrjgq",3895
"dnrh7d",46314
"dnrkyq",1490
"dnrh42",38982
"dnrhs6",25233
"dnrm7s",254
"dnrj85",2880
"dnrh9h",12781
"dnrhzt",33545
"dnrhzh",28185
"dnrmqm",39610
"dnrh1k",31127
"dnrk9m",28274
"dnrhtk",17334
"dnrj3d",13656
"dnrj7h",49997
"dnrjx2",9119
"dnrmdy",44813
"dnrjuw",2434
"dnrhhc",1332
"dnrmce",6428
"dnrmt3",1535
"dnrhb6",17098
"dnrhb5",5378
"dnrjq2",18965
"dnrhrn",134
"dnrhbs",1311
"dnrm15",40302
"dnrk1q",1141
"dnrhx3",1623
"dnrk8b",15683
"dnrjy0",3077
"dnrjxw",9812
"dnrmhq",1201
"dnrh6c",6270
"dnrkgp",194
"dnrhj9",7823
"dnrj2v",3390
"dnrk8p",1921
"dnrhmk",20399
"dnrk7s",221
"dnrmrr",5063
"dnrku4",1231
"dnrhnx",574
"dnrk1n",2653
"dnrhdh",4917
"dnrh4y",1565
"dnrmbq",1898
"dnrj7v",9891
"dnrhr1",1550
"dnrhjq",45742
"dnrhcd",2662
"dnrkc3",8852
"dnrhx9",1191
"dnrkkj",860
"dnrm5p",2287
"dnrhy0",5879
"dnrh3n",3231
"dnrhc1",1152
"dnrj78",2111
"dnrj49",1392
"dnrj2h",3578
"dnrjyt",1988
"dnrhxt",355
"dnrhcr",647
"dnrhts",252
"dnrk9d",558
"dnrm7u",179
"dnrj72",442
"dnrk10",949
"dnrkvj",1384
"dnrm8q",2439
"dnrmgv",1102
"dnrk49",41
"dnrj16",434
"dnrjfp",17164
"dnrkk4",60
"dnrj9m",2864
"dnrmw4",231
"dnrh9g",8097
"dnrmhr",1211
"dnrhr3",59
"dnrk6h",140
"dnrjfw",111
"dnrjym",2090
"dnrkkt",588
"dnrmfz",700
"dnrhky",301
"dnrmd3",370
"dnrknn",630
"dnrmv1",714
"dnrm8r",345
"dnrh2u",574
"dnrknz",466
"dnrmbf",1628
"dnrhxn",2804
"dnrkwj",652
"dnrmv6",788
"dnrhq2",2759
"dnrhjw",333
"dnrjbz",320
"dnrj1v",17945
"dnrhrq",453
"dnrk3u",272
"dnrhc0",1169
"dnrkyt",576
"dnrmvf",227
"dnrhw9",79
"dnrkr2",391
"dnrkm2",143
"dnrm5d",94
"dnrkpy",16
"dnrkz3",4
"dnrmnt",213934
"dnrk0e",3305
"dnrkrw",34186
"dnrkb3",67000
"dnrh1t",46646
"dnrhez",25649
"dnrm22",46613
"dnrjz2",2988
"dnrm2s",61567
"dnrkdb",19508
"dnrm0q",235673
"dnrmnx",86603
"dnrhej",157837
"dnrjq1",273936
"dnrm4k",11609
"dnrjne",51692
"dnrhhz",254564
"dnrjn6",18748
"dnrh2h",825
"dnrhgg",13966
"dnrjqj",38813
"dnrjnk",83044
"dnrh8w",24412
"dnrj3n",39070
"dnrjq3",39354
"dnrju4",10597
"dnrjm3",44500
"dnrm1d",28208
"dnrm5q",426
"dnrk45",191
"dnrh40",57183
"dnrm36",33967
"dnrj4p",39885
"dnrm4u",6445
"dnrkzh",595
"dnrhm7",6784
"dnrhu5",19688
"dnrhtn",2890
"dnrmr3",8627
"dnrk2e",28470
"dnrj4e",21910
"dnrm61",41148
"dnrh7q",13500
"dnrj1j",6846
"dnrjts",4523
"dnrh16",7319
"dnrmgm",38534
"dnrh4t",12407
"dnrm9v",3407
"dnrmhx",7961
"dnrm84",29529
"dnrj3x",11235
"dnrkkr",6407
"dnrjgm",3164
"dnrmhg",14909
"dnrm3x",2015
"dnrjen",4978
"dnrj76",7581
"dnrmhj",10355
"dnrh57",4397
"dnrh7m",15169
"dnrjc1",943
"dnrmjk",9627
"dnrhrg",9399
"dnrhpu",36089
"dnrh5u",4824
"dnrhmp",384
"dnrj27",18685
"dnrhf5",2429
"dnrhs1",9089
"dnrjuh",705
"dnrjuk",19198
"dnrjsc",10337
"dnrkdm",6610
"dnrhuk",18836
"dnrjsr",2713
"dnrhh3",1173
"dnrhb9",2906
"dnrjgy",2234
"dnrkr1",707
"dnrk6f",1404
"dnrj45",4794
"dnrmgf",515
"dnrj2e",4124
"dnrh6r",2325
"dnrkn4",1796
"dnrjdm",1499
"dnrkuw",532
"dnrm6d",1494
"dnrkj9",1461
"dnrhm2",594
"dnrjg4",2407
"dnrmxy",275
"dnrj8z",960
"dnrkrg",392
"dnrmsb",777
"dnrm5w",408
"dnrju8",135
"dnrme2",1012
"dnrhs2",4177
"dnrhcj",1196
"dnrh2p",1541
"dnrmc6",3998
"dnrjf1",2585
"dnrmbx",696
"dnrj19",12159
"dnrkt0",378
"dnrkem",588
"dnrk5y",27655
"dnrmx4",2551
"dnrhbf",906
"dnrkgh",1145
"dnrkp0",81
"dnrmsy",652
"dnrhmd",1529
"dnrmd1",656
"dnrmj7",1561
"dnrk82",415
"dnrmsd",726
"dnrkmp",567
"dnrksw",203
"dnrhqv",417
"dnrh2d",85
"dnrk5j",506
"dnrhdj",1227
"dnrjyc",131
"dnrmkh",278
"dnrmzv",104
"dnrmqx",3828
"dnrk2j",11313
"dnrkwt",90
"dnrmcs",77
"dnrkdg",14
"dnrkqu",137
"dnrk4z",147
"dnrku2",250
"dnrmb5",4
"dnrkkw",66
"dnrmxp",53
"dnrjje",369150
"dnrjde",22377
"dnrjh3",75369
"dnrhks",37843
"dnrjr1",139837
"dnrj0n",9993
"dnrmbn",5499
"dnrm27",23530
"dnrhux",132679
"dnrh7g",243101
"dnrhzg",66763
"dnrmby",12943
"dnrmrk",23875
"dnrh63",25497
"dnrh6y",78507
"dnrjhw",36286
"dnrhcs",1625
"dnrjvp",3940
"dnrmqs",67088
"dnrm01",62184
"dnrkxb",1552
"dnrmkx",173
"dnrm93",18225
"dnrjex",27260
"dnrhem",37956
"dnrjmk",22996
"dnrhx6",1369
"dnrj50",6674
"dnrk4m",1893
"dnrhjg",5498
"dnrkqk",2386
"dnrjm6",27998
"dnrh02",3457
"dnrmh7",3179
"dnrj29",32042
"dnrh04",2960
"dnrhyg",2435
"dnrjj4",9637
"dnrhdr",3342
"dnrh2g",2592
"dnrk3q",956
"dnrk28",1811
"dnrh47",11492
"dnrhgs",3220
"dnrhtr",19076
"dnrms0",21955
"dnrkqy",715
"dnrj56",4717
"dnrjs1",3135
"dnrmh6",10085
"dnrm8c",13263
"dnrhg7",19288
"dnrh06",3332
"dnrh56",844
"dnrjef",1403
"dnrk2g",1373
"dnrj2u",17458
"dnrj8t",2842
"dnrmmm",476
"dnrksz",1082
"dnrmjw",3839
"dnrkft",9653
"dnrkd1",966
"dnrkb0",4992
"dnrm1k",3269
"dnrmwm",1752
"dnrk30",1204
"dnrkzu",341
"dnrmtn",620
"dnrjer",1835
"dnrk3e",154
"dnrku7",702
"dnrjkz",787
"dnrk2f",2606
"dnrj4d",196
"dnrhwd",670
"dnrms4",357
"dnrkff",260
"dnrmcd",12952
"dnrj4m",7168
"dnrkf8",688
"dnrk3y",237
"dnrmyy",910
"dnrhuf",1739
"dnrhqx",613
"dnrhnk",416
"dnrkfs",898
"dnrmvv",1038
"dnrkus",1580
"dnrkpk",321
"dnrkh9",64
"dnrkh1",436
"dnrjut",2301
"dnrkhx",433
"dnrkp4",237
"dnrkgq",492
"dnrmuj",589
"dnrh4z",1345
"dnrmsv",441
"dnrjuc",755
"dnrknc",105
"dnrkkk",90
"dnrhmf",244
"dnrkwg",103
"dnrjc7",9
"dnrhk6",21952
"dnrm46",15861
"dnrhvx",17485
"dnrm2w",78080
"dnrkf6",8248
"dnrhg2",68479
"dnrhv4",34300
"dnrjgb",82646
"dnrhsv",28952
"dnrhub",77180
"dnrj0x",8874
"dnrhff",20818
"dnrh6s",28956
"dnrjvv",27846
"dnrh6w",60737
"dnrmfp",10791
"dnrhdn",1339
"dnrjjk",26855
"dnrhkp",16266
"dnrj54",36399
"dnrm8f",24150
"dnrh54",2931
"dnrhxq",19738
"dnrmk6",53474
"dnrh6x",21305
"dnrhe7",72216
"dnrj5n",1250
"dnrm96",7861
"dnrhkn",29355
"dnrhg0",27414
"dnrh6z",59828
"dnrm0f",21307
"dnrm54",4790
"dnrh4n",48893
"dnrj2p",34582
"dnrm2p",14355
"dnrhs5",12106
"dnrj3h",52635
"dnrmj2",578
"dnrm87",30028
"dnrjg9",51045
"dnrj2r",45451
"dnrjr9",72075
"dnrh6v",27614
"dnrk8u",4780
"dnrjkg",16461
"dnrmr1",36362
"dnrk8w",5072
"dnrkdp",17825
"dnrj2g",6321
"dnrhxm",1912
"dnrkcf",1782
"dnrkj2",46276
"dnrj9q",2973
"dnrjzy",33848
"dnrj03",24258
"dnrhq0",1174
"dnrj9u",3775
"dnrj5k",10039
"dnrk1z",1437
"dnrmbb",426
"dnrjn9",43297
"dnrmd5",2857
"dnrjhn",10359
"dnrmk7",28595
"dnrj4r",2099
"dnrjz1",1268
"dnrk7q",423
"dnrm4h",3478
"dnrkp2",533
"dnrkbk",6209
"dnrhjz",626
"dnrhh9",2053
"dnrkce",4118
"dnrj70",1530
"dnrkjz",774
"dnrhfq",33581
"dnrm1g",3150
"dnrhrw",1067
"dnrhr7",1256
"dnrjyk",1103
"dnrjtz",8555
"dnrmgp",1044
"dnrh4x",3712
"dnrkmz",153
"dnrj5x",2387
"dnrk83",1890
"dnrkr0",351
"dnrj87",2460
"dnrhb0",2455
"dnrh29",1100
"dnrjss",4008
"dnrjkk",9448
"dnrjgv",276
"dnrkv7",3004
"dnrjzs",895
"dnrh0t",36546
"dnrh3j",1089
"dnrjfy",23
"dnrjcm",461
"dnrhd7",588
"dnrkbu",239
"dnrkxm",251
"dnrmeb",235
"dnrhc2",866
"dnrmb8",70
"dnrjsk",36372
"dnrknf",344
"dnrkw4",1193
"dnrht3",1082
"dnrkc6",5646
"dnrkty",232
"dnrms6",649
"dnrhu9",1071
"dnrmm2",2028
"dnrkxk",192
"dnrmth",655
"dnrjb7",580
"dnrkru",244
"dnrhz1",206
"dnrhcz",2138
"dnrmxz",54
"dnrmee",110
"dnrkxu",242
"dnrhqf",158
"dnrkn1",185
"dnrmud",113
"dnrkjw",265
"dnrmtr",59
"dnrmtz",22
"dnrkkz",286
"dnrkhz",833
"dnrjv3",596
"dnrmut",16
"dnrmg5",16
"dnrk5k",35
"dnrhur",413585
"dnrjjs",205574
"dnrjw3",25442
"dnrkd7",66319
"dnrjnb",224853
"dnrhe3",90126
"dnrjt8",99447
"dnrjqq",258526
"dnrh1v",54305
"dnrhsc",4637
"dnrh12",6268
"dnrheg",25398
"dnrjqb",7118
"dnrjq9",7740
"dnrkxy",14075
"dnrhe6",142796
"dnrkb4",100831
"dnrm8b",25767
"dnrjq7",11799
"dnrkqx",18586
"dnrjru",26706
"dnrh48",50548
"dnrhue",26432
"dnrjpz",47313
"dnrjst",219271
"dnrhf7",7759
"dnrjd4",20702
"dnrjw1",29430
"dnrhws",660
"dnrjph",77414
"dnrm4e",23714
"dnrm0g",23843
"dnrjcz",150
"dnrhsj",24583
"dnrjk9",14797
"dnrjvz",3127
"dnrhf3",34592
"dnrj1z",41030
"dnrj7z",2336
"dnrhst",8029
"dnrm9w",4516
"dnrhe1",78192
"dnrhch",1065
"dnrh9b",1275
"dnrhhg",15190
"dnrkvx",27783
"dnrhv6",1243
"dnrjr5",19243
"dnrjep",1404
"dnrjh1",9601
"dnrh0b",1768
"dnrhyp",31267
"dnrjz4",454
"dnrhvv",38622
"dnrm90",27890
"dnrjsj",1868
"dnrh35",1251
"dnrhs3",30467
"dnrmc0",9824
"dnrhg1",14475
"dnrjze",940
"dnrhj2",3477
"dnrmt8",1854
"dnrm77",1979
"dnrjgg",2450
"dnrhqd",609
"dnrhqt",1546
"dnrmr4",17305
"dnrk8k",10574
"dnrjjn",8562
"dnrh2b",1640
"dnrhz2",4607
"dnrknb",647
"dnrmy9",1585
"dnrm1z",285
"dnrh2f",2339
"dnrh21",1058
"dnrjbn",1791
"dnrjyq",1090
"dnrmh1",130
"dnrjtp",2145
"dnrk44",1318
"dnrm5y",1003
"dnrhxg",753
"dnrk7n",253
"dnrhqj",281
"dnrkyr",1288
"dnrhcg",685
"dnrkg7",415
"dnrkrh",695
"dnrjxn",1012
"dnrj7x",804
"dnrmeq",1866
"dnrkmg",295
"dnrmwc",2140
"dnrk8r",673
"dnrkfm",1005
"dnrkfy",928
"dnrkmn",1093
"dnrmun",164
"dnrmz7",793
"dnrkgd",91
"dnrku6",1623
"dnrj4v",5112
"dnrmgk",885
"dnrmy2",2119
"dnrkh4",227
"dnrk01",1924
"dnrkmf",1008
"dnrhnb",669
"dnrhcx",415
"dnrkkp",184
"dnrhkv",918
"dnrkfq",1424
"dnrkr8",38
"dnrmcw",116
"dnrkpf",262
"dnrmz3",368
"dnrjcq",559
"dnrknt",355
"dnrmv3",722
"dnrks1",825
"dnrkh3",73
"dnrkz6",48
"dnrkjf",51
"dnrj3m",522552
"dnrhk8",141213
"dnrhfe",33792
"dnrky2",38922
"dnrm8s",32876
"dnrjnx",49939
"dnrjrf",144732
"dnrjjt",71034
"dnrjpj",48525
"dnrjnz",32028
"dnrj31",52831
"dnrjnc",39265
"dnrhun",89644
"dnrjrc",163807
"dnrhm0",25406
"dnrmrs",45762
"dnrh5v",34935
"dnrhh6",1882
"dnrmqd",9588
"dnrjgz",54456
"dnrjm4",79758
"dnrmqn",7525
"dnrmrc",82692
"dnrk8f",27190
"dnrj7j",24753
"dnrh9s",21105
"dnrm66",43020
"dnrjhs",20810
"dnrhru",13158
"dnrh7n",45923
"dnrkt5",7639
"dnrhse",30956
"dnrmwz",19536
"dnrhgz",7859
"dnrjx3",77377
"dnrmfj",3685
"dnrkjy",111
"dnrmf7",6744
"dnrhfy",18569
"dnrkzm",1259
"dnrjkc",14508
"dnrkj6",684
"dnrhk7",46405
"dnrhrj",538
"dnrjdq",10308
"dnrjgw",44474
"dnrj32",57516
"dnrjbd",3194
"dnrkxz",521
"dnrjs7",4078
"dnrjsw",26739
"dnrhwp",1554
"dnrh45",21238
"dnrj5h",22670
"dnrm4d",539
"dnrmu5",1676
"dnrj01",11264
"dnrk74",1958
"dnrkqf",235
"dnrkgm",2273
"dnrhpx",2976
"dnrh3q",8853
"dnrj81",23544
"dnrkyb",2048
"dnrhwf",396
"dnrmhu",2277
"dnrmng",625
"dnrkpz",245
"dnrk25",8298
"dnrk5p",1354
"dnrhry",1106
"dnrh09",2641
"dnrk89",364
"dnrjt7",4496
"dnrmcb",2691
"dnrmxd",569
"dnrhy7",4959
"dnrke2",118
"dnrj8n",7428
"dnrjcp",776
"dnrkkm",1737
"dnrjxj",9843
"dnrj90",6075
"dnrhbt",2741
"dnrh28",722
"dnrh3k",865
"dnrh3s",971
"dnrhmj",3299
"dnrjbf",2403
"dnrhne",601
"dnrh9j",1454
"dnrjch",1105
"dnrkyu",634
"dnrjdn",1034
"dnrkgg",253
"dnrk9t",662
"dnrjzq",2288
"dnrkvn",638
"dnrk60",3743
"dnrkk9",60
"dnrhn6",394
"dnrj1s",584
"dnrk42",381
"dnrmvq",131
"dnrmkk",254
"dnrk0x",2970
"dnrktt",159
"dnrk4j",1870
"dnrks7",827
"dnrkx7",645
"dnrkxp",286
"dnrk3n",626
"dnrkcq",677
"dnrmtv",180
"dnrks5",131
"dnrket",68
"dnrhqu",108
"dnrk6s",591
"dnrkmc",342
"dnrkmh",35
"dnrkws",31
"dnrk4f",450
"dnrmke",32
"dnrmup",69
"dnrkup",5
"dnrj7d",112688
"dnrjp9",31663
"dnrhs4",29477
"dnrjq6",9946
"dnrjyd",14999
"dnrm8y",1894
"dnrm09",83120
"dnrkte",38660
"dnrhzu",56087
"dnrhpv",19324
"dnrmn7",57391
"dnrh1b",187430
"dnrm73",5583
"dnrhe8",55530
"dnrjwd",36215
"dnrjnp",43854
"dnrhqc",5356
"dnrhzd",35719
"dnrhdv",45215
"dnrhe0",45650
"dnrmcc",48811
"dnrm0u",105124
"dnrm82",25157
"dnrh0u",46473
"dnrjmf",17594
"dnrjd2",41756
"dnrj3r",16329
"dnrmpw",74373
"dnrkgx",812
"dnrj3s",39823
"dnrjjw",43389
"dnrj8w",1944
"dnrm3v",1623
"dnrj2t",5013
"dnrmq5",27787
"dnrj86",1268
"dnrkjv",132
"dnrkzq",2294
"dnrmbc",1701
"dnrjmv",24511
"dnrh46",5194
"dnrj53",7492
"dnrk2z",890
"dnrm8n",2333
"dnrhsp",15977
"dnrkfw",4560
"dnrhkb",12146
"dnrmb7",1418
"dnrjg2",25086
"dnrmb0",4397
"dnrhvz",3504
"dnrh0v",5326
"dnrmcy",6112
"dnrh0s",9546
"dnrjhd",30004
"dnrjgf",12705
"dnrm6x",346
"dnrjkv",1942
"dnrhsu",26567
"dnrmc2",56094
"dnrhjy",42030
"dnrhmx",3980
"dnrhdw",2759
"dnrk52",527
"dnrh8e",1460
"dnrhrf",475
"dnrmz5",837
"dnrkch",15779
"dnrhw4",1984
"dnrhhf",273
"dnrhsm",20472
"dnrjb3",3889
"dnrk48",56
"dnrhd8",22274
"dnrhn3",766
"dnrmqy",1123
"dnrj18",298
"dnrkrx",889
"dnrk5q",820
"dnrju1",2621
"dnrj0q",2428
"dnrjvh",1238
"dnrmv9",1053
"dnrkc4",3155
"dnrkuf",399
"dnrh71",27549
"dnrkwz",1052
"dnrk0w",384
"dnrh0d",1382
"dnrhtq",1596
"dnrksu",713
"dnrmeh",1203
"dnrjwv",283
"dnrmu8",1291
"dnrmj0",408
"dnrks6",362
"dnrk1b",782
"dnrkmq",894
"dnrk5s",610
"dnrhpy",5995
"dnrjuf",365
"dnrk66",23255
"dnrj4k",383
"dnrkpu",656
"dnrhmu",461
"dnrjdp",782
"dnrk6z",1833
"dnrhnj",1610
"dnrkyw",498
"dnrhpr",894
"dnrkuz",686
"dnrmp8",161
"dnrmvk",510
"dnrk0r",365
"dnrm58",275
"dnrkun",83
"dnrkh8",116
"dnrj8v",512
"dnrkhj",2474
"dnrhhb",581
"dnrm7y",669
"dnrkhd",156
"dnrmkv",123
"dnrh0q",51
"dnrjzg",21
"dnrjpg",33047
"dnrm83",142641
"dnrjqh",41769
"dnrhk5",108582
"dnrkv5",6401
"dnrjd5",26814
"dnrmnr",74982
"dnrj96",21227
"dnrjxs",10636
"dnrhzn",28933
"dnrh1w",29546
"dnrm86",42271
"dnrj9c",44757
"dnrjng",45437
"dnrm1j",31998
"dnrjw6",35833
"dnrm1r",40378
"dnrh4c",24413
"dnrj60",48786
"dnrhk3",96304
"dnrjyv",18099
"dnrm0x",215735
"dnrm69",5241
"dnrh78",72416
"dnrjqx",13194
"dnrh1h",56558
"dnrjqd",18689
"dnrk2s",3838
"dnrmp6",28024
"dnrj9v",2624
"dnrhyu",6732
"dnrh4b",6629
"dnrmjv",41300
"dnrj2n",98800
"dnrhtj",4038
"dnrjmr",20472
"dnrhqz",42953
"dnrju6",3821
"dnrmv8",43
"dnrh6p",42472
"dnrjwx",9502
"dnrmwb",1857
"dnrjvm",14348
"dnrmqq",9535
"dnrj9s",1982
"dnrm10",13236
"dnrk0z",15446
"dnrh1e",51108
"dnrm35",27504
"dnrj92",7880
"dnrmzb",784
"dnrmf5",2686
"dnrjjp",24390
"dnrk1s",974
"dnrhgd",5508
"dnrmc8",23110
"dnrj06",34598
"dnrj07",1796
"dnrjxh",7712
"dnrjvq",3080
"dnrkz0",600
"dnrm40",5938
"dnrkwf",70
"dnrh3c",8801
"dnrhdd",21072
"dnrm4s",3914
"dnrk9c",1904
"dnrmxw",4433
"dnrjsn",2845
"dnrkyv",1438
"dnrj6s",8606
"dnrjes",1693
"dnrmm5",7685
"dnrj84",2129
"dnrhdk",3445
"dnrj6z",4540
"dnrje0",846
"dnrk4x",1904
"dnrk5d",1001
"dnrk3d",17047
"dnrk84",667
"dnrhwz",63669
"dnrhj7",7995
"dnrhhd",1050
"dnrkst",1246
"dnrm62",1439
"dnrkf9",2234
"dnrhd6",700
"dnrktm",590
"dnrkm4",40
"dnrhqq",1161
"dnrhjs",1742
"dnrk68",1264
"dnrjfe",258
"dnrkzk",108
"dnrmd2",730
"dnrkw9",508
"dnrkzt",1090
"dnrjg3",1057
"dnrmg8",390
"dnrjdk",1101
"dnrknx",369
"dnrmej",168
"dnrh2e",701
"dnrk9e",34
"dnrm1t",568
"dnrm4n",342
"dnrk9g",94
"dnrkw1",1458
"dnrme0",299
"dnrk9s",144
"dnrmcu",47
"dnrm6s",147
"dnrh00",95
"dnrmg1",1
"dnrmqu",388408
"dnrh64",108796
"dnrjpt",239365
"dnrjws",193629
"dnrjmy",6980
"dnrhy9",9742
"dnrjrg",43123
"dnrh1z",87524
"dnrmwf",1665
"dnrjj9",48600
"dnrmrf",73550
"dnrj5d",73668
"dnrj3z",158204
"dnrjt3",9544
"dnrmrb",104429
"dnrhys",46958
"dnrhee",81437
"dnrh7w",43161
"dnrhjp",3500
"dnrmr5",19489
"dnrj6p",39888
"dnrh1r",31414
"dnrmft",1119
"dnrmdz",6822
"dnrm8p",24000
"dnrh8b",35621
"dnrkkq",18523
"dnrmmt",15361
"dnrjzz",91083
"dnrjtm",1916
"dnrjj7",9476
"dnrhyq",34954
"dnrjjr",26676
"dnrj1w",4001
"dnrjrk",58793
"dnrmmd",3167
"dnrj8b",6235
"dnrj7g",24625
"dnrhcv",1636
"dnrhk0",21942
"dnrmy8",6144
"dnrkvk",1552
"dnrmcf",27349
"dnrjh0",55279
"dnrjjm",12694
"dnrkss",1865
"dnrjk7",2562
"dnrj5z",17532
"dnrh7b",14238
"dnrh38",6583
"dnrhyn",26538
"dnrj3b",18727
"dnrjt5",20618
"dnrhgh",19446
"dnrjw2",30743
"dnrm7k",5188
"dnrmf1",6244
"dnrmbg",15381
"dnrmuk",17216
"dnrkds",24717
"dnrh67",3571
"dnrmbp",29851
"dnrjm7",10481
"dnrj04",2018
"dnrksy",272
"dnrjzk",2903
"dnrh6q",3127
"dnrku9",35347
"dnrhx0",2149
"dnrjwj",8846
"dnrhcp",6186
"dnrkec",455
"dnrkzw",1610
"dnrjt4",7637
"dnrhnn",913
"dnrjet",2453
"dnrkqz",1665
"dnrmf4",835
"dnrhxd",217
"dnrmem",376
"dnrhwu",1112
"dnrmt6",1387
"dnrjgr",1182
"dnrmmn",190
"dnrkr6",244
"dnrhmt",582
"dnrh8p",1719
"dnrk7b",794
"dnrmf6",1236
"dnrkye",9491
"dnrkyx",999
"dnrm11",1180
"dnrkn2",306
"dnrkj7",18270
"dnrhqe",520
"dnrkk5",445
"dnrmux",599
"dnrkyk",1436
"dnrkxn",1116
"dnrm19",635
"dnrmsx",1391
"dnrh6m",1345
"dnrm52",87
"dnrmfn",1895
"dnrm9p",351
"dnrjff",1196
"dnrkqt",1846
"dnrhr0",7215
"dnrk3z",260
"dnrhbu",795
"dnrhp5",321
"dnrjyy",950
"dnrmfy",37
"dnrhp7",331
"dnrkrk",1454
"dnrkgk",212
"dnrkg4",123
"dnrk64",258
"dnrkuc",53
"dnrmk3",528
"dnrk7y",76
"dnrmgn",76
"dnrmtx",152
"dnrmvm",193
"dnrkuu",22
"dnrkcz",536
"dnrkhs",16
"dnrkgf",26
"dnrmy0",59
"dnrmtg",14
"dnrkp1",348
"dnrjpk",88104
"dnrm07",27312
"dnrm95",23401
"dnrjzn",22352
"dnrjrs",354644
"dnrm4j",49039
"dnrjjg",417490
"dnrjr2",180182
"dnrjn8",84135
"dnrjs9",23753
"dnrj22",59251
"dnrhye",28531
"dnrj33",23041
"dnrjhc",61778
"dnrjzr",17764
"dnrj00",26820
"dnrheh",107220
"dnrhv8",20861
"dnrhe4",97315
"dnrm5h",38411
"dnrmf3",40474
"dnrjns",92109
"dnrjj0",40990
"dnrkv6",851
"dnrhsy",5469
"dnrmg7",2848
"dnrhyv",23187
"dnrh17",12499
"dnrj8j",30088
"dnrm37",41738
"dnrjw9",65379
"dnrhe2",58016
"dnrkbw",87536
"dnrh4q",53645
"dnrj20",54573
"dnrhyw",16291
"dnrmrn",4499
"dnrjev",22967
"dnrh9t",50011
"dnrhy6",4163
"dnrjmb",44344
"dnrjxv",9016
"dnrjfh",2230
"dnrmqk",24197
"dnrkq6",1502
"dnrmn8",265
"dnrh6k",6084
"dnrmhn",3504
"dnrj8k",3664
"dnrh5q",7346
"dnrmwt",3932
"dnrm1y",415
"dnrkkv",454
"dnrjyf",2904
"dnrm4g",554
"dnrhbv",628
"dnrhrk",898
"dnrk1y",3866
"dnrk72",3099
"dnrkw8",648
"dnrh1n",6261
"dnrkjj",238
"dnrk76",15874
"dnrhz0",4073
"dnrk2c",2225
"dnrhxk",1855
"dnrh9u",8980
"dnrmme",948
"dnrm9j",4226
"dnrmss",153
"dnrhwh",814
"dnrmk5",1838
"dnrmbr",2435
"dnrjy2",352
"dnrk88",1323
"dnrmdx",307
"dnrhz8",3601
"dnrmdk",4194
"dnrmwu",1483
"dnrh3m",1802
"dnrmzx",588
"dnrm4z",10063
"dnrmx5",2289
"dnrkbb",1131
"dnrhbb",1677
"dnrhph",322
"dnrmzr",273
"dnrh99",109
"dnrht2",1692
"dnrjfm",202
"dnrjbg",314
"dnrk2h",193
"dnrhbj",831
"dnrhqg",818
"dnrmts",13293
"dnrjcr",1203
"dnrh31",1159
"dnrme1",81
"dnrjct",128
"dnrjbh",1142
"dnrmb1",1023
"dnrhr2",439
"dnrm1v",166
"dnrh9n",707
"dnrkyz",1689
"dnrhwt",369
"dnrhqw",354
"dnrmgu",60
"dnrhyc",531
"dnrk78",443
"dnrkvs",15000
"dnrkqr",546
"dnrk6e",184
"dnrkkd",131
"dnrkh5",37
"dnrm4r",34
"dnrmg9",315
"dnrhju",875
"dnrk2x",302
"dnrkqb",60
"dnrmvh",114
"dnrkpw",43
"dnrkhk",256
"dnrkgu",505
"dnrm7x",73
"dnrmu6",85
"dnrk5b",3
"dnrkq8",578
"dnrkw7",51
"dnrkkf",7
"dnrkum",16
"dnrmg0",25
"dnrkbr",47216
"dnrhyx",101107
"dnrm0z",231698
"dnrjr3",470514
"dnrm2c",89790
"dnrmwy",20370
"dnrjre",106825
"dnrm31",55174
"dnrmpy",68035
"dnrjn5",190873
"dnrmw6",22287
"dnrjd3",13547
"dnrh49",72358
"dnrjjc",20428
"dnrjqf",26642
"dnrmq7",45122
"dnrhnu",13102
"dnrjq5",24553
"dnrhyk",26721
"dnrm55",45625
"dnrhvh",10174
"dnrmz2",37397
"dnrhvn",13441
"dnrjrp",204690
"dnrkdz",23425
"dnrhdb",101173
"dnrjps",170516
"dnrj69",1074
"dnrh11",5131
"dnrhu1",5734
"dnrhsf",32934
"dnrmk0",24591
"dnrm85",30408
"dnrj8h",27151
"dnrmqb",71850
"dnrkfz",580
"dnrm89",19733
"dnrmq3",55631
"dnrh4f",6294
"dnrh7x",42553
"dnrkbd",3313
"dnrh6b",9063
"dnrhyd",3886
"dnrj6w",2161
"dnrj66",32517
"dnrjwt",5173
"dnrmqr",3224
"dnrjry",37557
"dnrhfu",20837
"dnrm3w",1611
"dnrkbq",52508
"dnrm6t",2241
"dnrk4t",41278
"dnrh6u",37835
"dnrjh4",8841
"dnrjw0",24238
"dnrh5j",43411
"dnrm8h",3592
"dnrh6g",17485
"dnrjhg",32538
"dnrj7e",11886
"dnrj8y",1969
"dnrj09",2041
"dnrhbq",5673
"dnrkb9",1285
"dnrjs8",3955
"dnrhtx",39489
"dnrh53",2422
"dnrjbj",680
"dnrk4k",20096
"dnrmsg",48722
"dnrj4n",7351
"dnrm9x",31467
"dnrjx9",12864
"dnrmgq",1208
"dnrm9m",15687
"dnrhwq",2609
"dnrjv5",781
"dnrk58",549
"dnrk5x",10638
"dnrj1r",1732
"dnrkc8",1574
"dnrhfr",17978
"dnrhyf",404
"dnrj67",5042
"dnrm7c",1982
"dnrhms",3139
"dnrm6q",990
"dnrjv9",426
"dnrmnp",15291
"dnrkxc",1558
"dnrm4m",1366
"dnrm5v",3753
"dnrhmw",760
"dnrhp1",1652
"dnrk8x",3687
"dnrh0w",890
"dnrj1c",969
"dnrmfu",1517
"dnrjxp",992
"dnrmep",311
"dnrkm6",27462
"dnrkc0",1363
"dnrjcd",1725
"dnrhq7",1373
"dnrkxf",554
"dnrk1x",1475
"dnrmp1",1950
"dnrjuy",1346
"dnrh9q",2227
"dnrk33",1863
"dnrkd9",1150
"dnrh30",1610
"dnrjv2",2540
"dnrkuk",1247
"dnrms3",1060
"dnrknh",394
"dnrjfd",458
"dnrhhh",2351
"dnrms7",75
"dnrk5u",1679
"dnrkth",30
"dnrj9h",83
"dnrktk",360
"dnrh9d",316
"dnrh82",309
"dnrhpd",2061
"dnrkgc",108
"dnrks0",163
"dnrmy7",1111
"dnrkse",372
"dnrmw0",53
"dnrm4p",335
"dnrmyw",110
"dnrmyh",441
"dnrktv",66
"dnrkjs",61
"dnrk1g",156
"dnrmnc",161
"dnrkj4",10
"dnrkn0",74
"dnrmvd",4
"dnrjcv",1
"dnrhzy",49573
"dnrm2y",56027
"dnrj3t",150677
"dnrm99",8337
"dnrkxx",35934
"dnrmnm",276083
"dnrjqs",37489
"dnrj6n",99174
"dnrmh3",55907
"dnrjwe",81503
"dnrjnn",68672
"dnrhgw",24295
"dnrm39",36996
"dnrhdu",94604
"dnrjsv",50724
"dnrh66",38740
"dnrhg8",115590
"dnrjsg",12154
"dnrm8e",58797
"dnrhvr",6229
"dnrj0v",52349
"dnrmmv",28360
"dnrjqc",27146
"dnrhf9",17904
"dnrh4e",72048
"dnrhgm",9722
"dnrhvs",37400
"dnrjmz",14429
"dnrkrp",34316
"dnrhu2",28982
"dnrj7f",21547
"dnrhw6",1474
"dnrhsk",10423
"dnrhyt",26270
"dnrhyj",3559
"dnrmhv",42945
"dnrjth",35436
"dnrjk0",31984
"dnrj91",28075
"dnrhtw",6935
"dnrhu4",21111
"dnrkh2",555
"dnrke8",799
"dnrhht",9318
"dnrk03",994
"dnrm97",33960
"dnrkpd",176
"dnrj6b",767
"dnrkwd",148
"dnrmsr",2361
"dnrhf0",8612
"dnrkdn",5087
"dnrmp0",2151
"dnrjhy",15198
"dnrjf6",1843
"dnrmgw",1980
"dnrh84",808
"dnrjyj",2922
"dnrm2u",6697
"dnrh8t",2538
"dnrjkj",15672
"dnrj25",13536
"dnrjzv",2376
"dnrk36",350
"dnrj0t",28384
"dnrke4",753
"dnrk8v",616
"dnrkg3",1006
"dnrhtf",1031
"dnrjeh",1665
"dnrmx7",478
"dnrjxc",18998
"dnrm75",5257
"dnrmfk",2881
"dnrjhh",2001
"dnrhw7",769
"dnrmt7",591
"dnrkts",707
"dnrjyp",862
"dnrjks",196
"dnrhx1",5363
"dnrhrh",448
"dnrmxt",1256
"dnrkv3",1056
"dnrj7p",976
"dnrhdp",1417
"dnrhjh",4525
"dnrjdc",2676
"dnrmc1",337
"dnrkur",302
"dnrhxc",455
"dnrjz8",1020
"dnrkcs",1716
"dnrmvc",578
"dnrh0n",311
"dnrk5f",300
"dnrkg9",328
"dnrj0e",4066
"dnrmev",1108
"dnrh9c",2396
"dnrk51",90
"dnrm43",4005
"dnrhpf",1971
"dnrm7z",329
"dnrk0t",156
"dnrmtw",394
"dnrj63",1944
"dnrmsc",602
"dnrk55",515
"dnrmqz",2465
"dnrktf",561
"dnrje9",4278
"dnrmyz",563
"dnrk6u",820
"dnrh2v",70
"dnrhtm",982
"dnrhnc",465
"dnrhpp",371
"dnrhn0",142
"dnrkx4",450
"dnrk6t",631
"dnrj4w",929
"dnrj5t",2628
"dnrj1g",549
"dnrme8",126
"dnrktd",185
"dnrht8",478
"dnrmer",141
"dnrkwy",389
"dnrmh5",1052
"dnrm4q",403
"dnrh22",211
"dnrk7k",79
"dnrkz4",300
"dnrkvv",74
"dnrkm8",80
"dnrk53",252
"dnrm59",938
"dnrk85",29
"dnrmuc",18
"dnrms9",96
"dnrmtu",27
"dnrjcx",2
"dnrjdr",2107
"dnrm1p",68502
"dnrhhw",56044
"dnrjhk",86764
"dnrj9z",3647
"dnrmrg",29485
"dnrm45",26296
"dnrh6h",41898
"dnrh41",8348
"dnrj7n",39199
"dnrh69",38803
"dnrm08",9691
"dnrhng",3300
"dnrm57",36521
"dnrj0w",21309
"dnrh5z",14464
"dnrhjr",2127
"dnrh6e",11986
"dnrhwb",47956
"dnrkj1",1909
"dnrhu0",19673
"dnrh2m",447
"dnrjm9",9060
"dnrkby",60246
"dnrjkt",19212
"dnrk8t",8635
"dnrm9r",13154
"dnrmxe",6574
"dnrj77",5735
"dnrmq6",11984
"dnrhhr",20319
"dnrmrh",98551
"dnrhzv",29855
"dnrjgk",2122
"dnrhpt",1413
"dnrmm4",4262
"dnrkvt",733
"dnrj8f",20535
"dnrjz0",3054
"dnrm5z",1496
"dnrmmw",2593
"dnrmdv",2884
"dnrj40",203
"dnrjhq",58687
"dnrjew",1536
"dnrh26",157
"dnrmw5",132
"dnrjjh",13851
"dnrjgx",5363
"dnrhd2",3085
"dnrm6r",6575
"dnrjs0",39267
"dnrjvy",3765
"dnrje2",2736
"dnrhvg",12170
"dnrmr9",33906
"dnrkeu",777
"dnrju3",2083
"dnrhz9",4113
"dnrjkn",8955
"dnrj0s",22516
"dnrjx4",15417
"dnrjrj",48530
"dnrh91",4070
"dnrh36",4384
"dnrhhn",2921
"dnrksp",743
"dnrj0u",17603
"dnrjc5",1125
"dnrjub",6972
"dnrm9s",4684
"dnrh8s",1180
"dnrh5r",7062
"dnrhnf",14278
"dnrh9z",436
"dnrmm0",816
"dnrjbt",592
"dnrk9x",2359
"dnrhp8",811
"dnrmn3",766
"dnrhdm",845
"dnrky0",216
"dnrmtf",439
"dnrhn2",385
"dnrhkf",478
"dnrm7n",405
"dnrkfc",642
"dnrh8n",650
"dnrmhb",904
"dnrmj3",872
"dnrkj8",1238
"dnrhnz",250
"dnrkmb",316
"dnrk1p",196
"dnrkr3",660
"dnrkbf",1334
"dnrjbb",1263
"dnrkdy",347
"dnrk1v",1490
"dnrhvk",146
"dnrjdb",1018
"dnrmvp",136
"dnrmz0",68
"dnrhn8",308
"dnrme3",4821
"dnrk2k",323
"dnrk79",394
"dnrmsq",465
"dnrk6w",318
"dnrh0f",1506
"dnrmnb",133
"dnrkxr",192
"dnrmkr",413
"dnrhpk",203
"dnrj7q",518
"dnrk5e",210
"dnrhuu",225
"dnrmvs",322
"dnrme5",824
"dnrmzy",461
"dnrkh0",54
"dnrk7e",500
"dnrhmr",659
"dnrk5h",32
"dnrkht",229
"dnrks4",49
"dnrjz3",116
"dnrjft",162
"dnrh8f",95
"dnrkmj",45
"dnrj5b",44189
"dnrksq",33426
"dnrj1n",100513
"dnrhdy",108338
"dnrmnq",139400
"dnrjwb",18890
"dnrhzq",33734
"dnrjqt",16739
"dnrmny",280210
"dnrh8k",33000
"dnrjnu",92513
"dnrm3n",130448
"dnrmv5",2490
"dnrhex",81186
"dnrkbz",31474
"dnrm0r",182307
"dnrk1w",46582
"dnrm21",47800
"dnrhyz",57429
"dnrkb1",47648
"dnrh19",40400
"dnrkzn",78789
"dnrhes",640899
"dnrkm1",1020
"dnrh8q",24364
"dnrjvn",32747
"dnrk1k",1692
"dnrj3q",25705
"dnrjfn",2759
"dnrjw5",43772
"dnrkdj",29445
"dnrj6e",14116
"dnrjw4",25822
"dnrmx2",43387
"dnrjxq",22749
"dnrheq",72402
"dnrmns",16536
"dnrj6m",17575
"dnrhce",2129
"dnrj0j",2255
"dnrk6x",454
"dnrkjb",798
"dnrhvd",19116
"dnrhzx",20445
"dnrmdc",627
"dnrjc3",6833
"dnrj93",56418
"dnrjk4",51327
"dnrk22",466
"dnrm6b",1264
"dnrm6h",2633
"dnrmn2",4083
"dnrm1w",25918
"dnrj8d",13200
"dnrhkx",4019
"dnrju7",1982
"dnrk1c",655
"dnrjkq",13729
"dnrkcr",3664
"dnrje3",499
"dnrmsz",1652
"dnrkg1",13832
"dnrhmg",372
"dnrkhm",1222
"dnrkdt",47741
"dnrkq0",876
"dnrmj1",1123
"dnrmfw",1666
"dnrkkx",2475
"dnrmrz",9356
"dnrm4c",381
"dnrk99",6867
"dnrky9",913
"dnrh32",2068
"dnrh7k",9926
"dnrmdg",15204
"dnrh0k",1611
"dnrkku",188
"dnrknk",372
"dnrhcy",516
"dnrkee",250
"dnrjux",1707
"dnrj1h",770
"dnrk87",560
"dnrhnp",172
"dnrjdj",2813
"dnrhmy",168
"dnrmu1",556
"dnrjf9",1147
"dnrh3v",1899
"dnrkef",960
"dnrjg1",2660
"dnrmw2",272
"dnrk3p",694
"dnrm9q",659
"dnrk27",1611
"dnrkvc",1089
"dnrmfc",441
"dnrh58",1549
"dnrj4q",638
"dnrmz6",1798
"dnrht9",741
"dnrkju",1093
"dnrjun",1284
"dnrmws",965
"dnrkhn",2232
"dnrht0",1666
"dnrj12",201
"dnrkhb",540
"dnrh05",1036
"dnrmn0",683
"dnrmtp",320
"dnrhxe",804
"dnrkn9",10913
"dnrhw8",366
"dnrkky",171
"dnrkq1",317
"dnrk3v",169
"dnrknd",124
"dnrmge",569
"dnrmkc",70
"dnrkrz",95
"dnrmbu",764
"dnrmv2",22
"dnrky3",218
"dnrmdr",130
"dnrku1",166
"dnrhnd",79
"dnrhwy",30
"dnrmur",205
"dnrk35",1
"dnrmdj",114249
"dnrjmh",92630
"dnrjju",186878
"dnrkbp",87511
"dnrhk1",104498
"dnrhuq",114825
"dnrkb6",193560
"dnrhdz",129293
"dnrmpk",30270
"dnrmq2",49874
"dnrjrb",119012
"dnrmyu",41869
"dnrjp3",48915
"dnrjjd",53637
"dnrm4v",3984
"dnrh77",34302
"dnrhk4",106597
"dnrjj3",56927
"dnrm0j",147929
"dnrjvr",9027
"dnrhbd",16593
"dnrj30",69109
"dnrkey",865
"dnrhhm",12182
"dnrh85",15673
"dnrm2v",32550
"dnrh5t",4771
"dnrhxx",9952
"dnrj36",42040
"dnrjd6",13695
"dnrj3g",21114
"dnrm74",53024
"dnrmen",26694
"dnrhvp",32844
"dnrmjh",4093
"dnrjs3",20810
"dnrjue",22385
"dnrh18",38166
"dnrm25",46843
"dnrj0g",8995
"dnrjkm",43252
"dnrhgk",21591
"dnrhkr",7267
"dnrmek",2054
"dnrh6n",4502
"dnrjnr",29264
"dnrm42",55586
"dnrm1m",7736
"dnrm7r",1953
"dnrm7e",224
"dnrj5s",2924
"dnrkkc",312
"dnrhc3",1648
"dnrjvu",3430
"dnrjwh",13916
"dnrmy5",534
"dnrkut",555
"dnrkr7",10592
"dnrhgu",7628
"dnrkd6",1143
"dnrhm4",9606
"dnrhud",4939
"dnrksm",622
"dnrjee",2443
"dnrhfm",2983
"dnrh9r",21095
"dnrmfg",4824
"dnrhwg",926
"dnrmtq",2725
"dnrkcw",1616
"dnrjmp",486
"dnrkzv",5259
"dnrk6p",898
"dnrmfh",6337
"dnrjd8",1030
"dnrjy7",2457
"dnrh27",586
"dnrhp4",592
"dnrjyg",1013
"dnrm1f",4923
"dnrmc9",5278
"dnrhpw",909
"dnrm5f",730
"dnrkrf",484
"dnrj9x",17629
"dnrm7v",356
"dnrmcv",822
"dnrjzh",1517
"dnrhjb",5387
"dnrmye",8376
"dnrj34",2774
"dnrmd6",1807
"dnrjkx",14988
"dnrhcw",37512
"dnrke6",728
"dnrkw5",405
"dnrkmm",379
"dnrm60",7129
"dnrmn9",4767
"dnrhkz",1083
"dnrj68",1400
"dnrk90",293
"dnrmky",454
"dnrkvr",349
"dnrk4s",2048
"dnrhq8",589
"dnrkge",619
"dnrm6e",1712
"dnrkhh",1024
"dnrks8",106
"dnrkmv",536
"dnrkv4",212
"dnrk8z",352
"dnrmus",119
"dnrkvm",780
"dnrmwn",156
"dnrmcq",112
"dnrkqg",294
"dnrkue",1289
"dnrktu",818
"dnrmse",147
"dnrm50",949
"dnrhmc",338
"dnrmb4",67
"dnrkpx",553
"dnrh5c",150
"dnrmu0",1614
"dnrktp",229
"dnrjf3",190
"dnrmmp",587
"dnrjwk",47892
"dnrh1c",322138
"dnrjnt",81099
"dnrjh2",163155
"dnrj9p",40399
"dnrhvc",45449
"dnrj2b",48192
"dnrmqe",46974
"dnrjb0",108113
"dnrmr0",82238
"dnrj23",8045
"dnrjdt",5364
"dnrj7s",7127
"dnrj5e",49527
"dnrh8m",23874
"dnrhb8",17497
"dnrk3c",13235
"dnrhsq",23774
"dnrjqv",19233
"dnrjfz",1011
"dnrhh8",793
"dnrkbn",48668
"dnrjpq",43041
"dnrh87",2158
"dnrh7p",42867
"dnrjjz",43281
"dnrhf6",66071
"dnrm0t",26111
"dnrhkc",33137
"dnrkud",803
"dnrhb7",25630
"dnrmpq",40356
"dnrkmu",766
"dnrhft",20266
"dnrm8j",33466
"dnrmxc",3415
"dnrm92",10911
"dnrh5m",12664
"dnrm33",27485
"dnrh7h",32677
"dnrmb6",7891
"dnrhns",2271
"dnrmyg",5765
"dnrmz9",534
"dnrjt2",29748
"dnrjgh",3044
"dnrmx0",4444
"dnrjke",5351
"dnrh1u",29897
"dnrhy2",29499
"dnrj2d",6562
"dnrj47",2505
"dnrhbh",1011
"dnrh8u",242
"dnrm0d",13353
"dnrk3k",261
"dnrjsz",1962
"dnrmuu",3587
"dnrkrv",601
"dnrm3g",19380
"dnrh55",2213
"dnrmes",1036
"dnrkgt",8249
"dnrh03",1689
"dnrjwu",2060
"dnrhhe",25176
"dnrhrm",724
"dnrj10",2138
"dnrm79",6843
"dnrmh0",536
"dnrku0",585
"dnrhwx",1046
"dnrm7t",897
"dnrmnd",3269
"dnrkjd",465
"dnrkp5",149
"dnrmwk",314
"dnrjfu",672
"dnrk3h",353
"dnrk77",211
"dnrmsu",333
"dnrjug",1195
"dnrkd3",956
"dnrm8v",1447
"dnrkde",660
"dnrjf4",1508
"dnrh0r",1468
"dnrh98",1188
"dnrkmx",391
"dnrjgn",533
"dnrjfj",681
"dnrku5",1271
"dnrhc6",383
"dnrj8m",27575
"dnrk7m",304
"dnrhn7",353
"dnrh5n",519
"dnrkq5",84
"dnrmwp",86
"dnrk0c",1896
"dnrjyb",629
"dnrk2b",1365
"dnrkxj",671
"dnrkhg",99
"dnrje8",2309
"dnrkt1",784
"dnrm6y",705
"dnrkuj",212
"dnrk1u",867
"dnrk50",252
"dnrms2",114
"dnrj6g",636
"dnrmzn",54
"dnrkz9",278
"dnrmvj",40
"dnrkgs",35
"dnrmtc",13
"dnrmvn",45
"dnrmv0",24
